year_built,year_evaluated,current_building_eval_score,property_type,confirmed_storeys,building_age
1941,2024,72,PRIVATE,3,83
1960,2023,74,PRIVATE,3,63
1965,2024,92,PRIVATE,4,59
1965,2023,93,PRIVATE,5,58
1911,2024,87,PRIVATE,4,113
1971,2024,94,PRIVATE,12,53
1971,2023,97,PRIVATE,12,52
1971,2024,97,PRIVATE,12,53
1932,2023,90,PRIVATE,4,91
1960,2023,95,PRIVATE,3,63
2004,2024,86,PRIVATE,8,20
1971,2024,77,PRIVATE,3,53
2003,2023,99,PRIVATE,27,20
1964,2023,77,PRIVATE,12,59
1885,2023,92,SOCIAL HOUSING,3,138
1971,2023,76,TCHC,22,52
1960,2023,88,PRIVATE,5,63
1960,2024,91,PRIVATE,4,64
1960,2023,90,PRIVATE,7,63
1960,2023,91,PRIVATE,4,63
1960,2023,90,PRIVATE,7,63
2007,2024,87,SOCIAL HOUSING,4,17
2013,2023,99,PRIVATE,10,10
1966,2024,94,PRIVATE,11,58
1954,2024,92,PRIVATE,4,70
1954,2023,84,PRIVATE,4,69
1954,2024,88,PRIVATE,4,70
1940,2024,89,PRIVATE,4,84
1950,2024,85,PRIVATE,4,74
1952,2023,93,PRIVATE,4,71
1952,2023,82,PRIVATE,3,71
1956,2024,94,PRIVATE,4,68
1958,2024,96,PRIVATE,4,66
1956,2023,95,PRIVATE,4,67
1954,2023,94,PRIVATE,4,69
1952,2024,90,PRIVATE,4,72
1965,2023,94,PRIVATE,4,58
1953,2024,94,PRIVATE,4,71
1954,2024,93,PRIVATE,4,70
1954,2023,86,PRIVATE,4,69
1959,2024,90,PRIVATE,4,65
1959,2023,94,PRIVATE,4,64
1952,2024,90,PRIVATE,4,72
1952,2023,92,PRIVATE,4,71
1952,2023,94,PRIVATE,4,71
1952,2024,90,PRIVATE,4,72
1952,2024,91,PRIVATE,4,72
1952,2024,89,PRIVATE,4,72
1952,2023,89,PRIVATE,4,71
1952,2024,93,PRIVATE,4,72
1952,2024,93,PRIVATE,4,72
1952,2023,92,PRIVATE,4,71
1959,2023,95,PRIVATE,4,64
1956,2024,92,PRIVATE,6,68
1955,2023,95,PRIVATE,4,68
1955,2024,95,PRIVATE,4,69
1955,2023,92,PRIVATE,4,68
1955,2023,96,PRIVATE,4,68
1951,2024,95,PRIVATE,4,73
1955,2023,94,PRIVATE,3,68
1955,2023,65,PRIVATE,3,68
1950,2024,82,PRIVATE,3,74
1955,2023,82,PRIVATE,3,68
1955,2023,92,PRIVATE,3,68
1955,2024,93,PRIVATE,3,69
1955,2024,68,PRIVATE,3,69
1950,2024,79,PRIVATE,3,74
1950,2024,77,PRIVATE,3,74
1962,2024,84,PRIVATE,4,62
1960,2023,92,PRIVATE,3,63
1960,2023,89,PRIVATE,4,63
1969,2023,95,PRIVATE,11,54
2011,2024,91,PRIVATE,10,13
1974,2023,91,PRIVATE,7,49
1972,2024,84,PRIVATE,13,52
1960,2023,91,PRIVATE,7,63
1969,2024,88,PRIVATE,10,55
1963,2023,96,PRIVATE,9,60
1960,2024,80,PRIVATE,6,64
1961,2023,84,PRIVATE,6,62
1992,2023,92,SOCIAL HOUSING,6,31
1972,2023,88,TCHC,11,51
1965,2024,93,PRIVATE,4,59
1960,2024,88,PRIVATE,4,64
1955,2024,87,PRIVATE,4,69
1967,2024,93,PRIVATE,5,57
1960,2023,90,PRIVATE,3,63
1956,2023,92,PRIVATE,4,67
1960,2024,87,PRIVATE,4,64
1950,2023,70,PRIVATE,6,73
1971,2023,89,PRIVATE,13,52
1950,2024,87,PRIVATE,3,74
1965,2024,89,PRIVATE,3,59
1987,2024,82,TCHC,10,37
1965,2023,93,PRIVATE,5,58
1965,2024,91,PRIVATE,6,59
1962,2023,88,PRIVATE,3,61
1962,2024,70,PRIVATE,3,62
1968,2024,61,PRIVATE,3,56
1969,2024,97,TCHC,14,55
1980,2023,91,TCHC,14,43
1969,2023,85,TCHC,21,54
1969,2023,94,TCHC,24,54
1969,2024,75,TCHC,24,55
1972,2024,78,PRIVATE,25,52
1979,2024,88,PRIVATE,28,45
1948,2023,98,PRIVATE,6,75
1963,2024,85,PRIVATE,14,61
1980,2023,92,TCHC,18,43
1970,2023,82,PRIVATE,16,53
1920,2024,89,PRIVATE,3,104
1920,2024,90,PRIVATE,4,104
1989,2023,83,SOCIAL HOUSING,4,34
1928,2024,58,PRIVATE,3,96
1926,2023,75,PRIVATE,4,97
1923,2023,72,PRIVATE,3,100
1930,2023,84,PRIVATE,3,93
1992,2023,87,SOCIAL HOUSING,6,31
1960,2024,95,PRIVATE,6,64
1930,2024,88,PRIVATE,3,94
1982,2023,92,SOCIAL HOUSING,9,41
1992,2023,100,SOCIAL HOUSING,6,31
1924,2023,67,PRIVATE,3,99
1914,2024,88,PRIVATE,4,110
1914,2023,78,PRIVATE,3,109
1940,2024,88,PRIVATE,4,84
1940,2024,84,PRIVATE,4,84
1930,2024,87,PRIVATE,4,94
1929,2023,79,PRIVATE,3,94
1920,2023,93,PRIVATE,3,103
1923,2024,92,PRIVATE,4,101
1935,2024,80,PRIVATE,4,89
1938,2024,89,PRIVATE,3,86
1940,2024,88,PRIVATE,4,84
1944,2024,88,PRIVATE,4,80
1944,2024,81,PRIVATE,4,80
1960,2024,90,PRIVATE,5,64
1952,2023,87,PRIVATE,4,71
1927,2024,81,PRIVATE,4,97
1940,2023,80,PRIVATE,5,83
1960,2023,93,PRIVATE,3,63
1949,2024,95,PRIVATE,3,75
1949,2024,89,PRIVATE,3,75
1949,2024,92,PRIVATE,4,75
1949,2023,87,PRIVATE,4,74
1949,2024,89,PRIVATE,4,75
1957,2023,87,PRIVATE,3,66
1955,2024,88,PRIVATE,3,69
1955,2023,94,PRIVATE,4,68
1968,2024,92,PRIVATE,15,56
1957,2024,87,TCHC,4,67
1967,2023,66,PRIVATE,6,56
1976,2024,90,PRIVATE,11,48
1987,2023,76,SOCIAL HOUSING,3,36
2001,2024,94,TCHC,11,23
1971,2023,93,TCHC,12,52
1971,2023,91,TCHC,13,52
1960,2024,86,PRIVATE,3,64
1958,2023,71,PRIVATE,4,65
1979,2023,95,PRIVATE,21,44
1956,2023,85,PRIVATE,9,67
1967,2024,86,PRIVATE,4,57
1974,2023,91,PRIVATE,8,49
1960,2023,75,PRIVATE,3,63
1965,2024,90,PRIVATE,5,59
1965,2024,88,PRIVATE,5,59
1965,2023,92,PRIVATE,5,58
1961,2023,86,PRIVATE,6,62
1979,2023,94,TCHC,11,44
1965,2024,93,PRIVATE,15,59
1969,2023,78,PRIVATE,9,54
1973,2024,93,PRIVATE,9,51
1992,2024,79,SOCIAL HOUSING,4,32
1920,2024,81,PRIVATE,3,104
1929,2024,94,PRIVATE,4,95
1922,2024,90,PRIVATE,3,102
1910,2024,83,PRIVATE,3,114
1968,2024,96,PRIVATE,24,56
1972,2024,97,TCHC,8,52
1929,2024,82,PRIVATE,3,95
1950,2023,88,PRIVATE,3,73
1950,2024,81,PRIVATE,3,74
1950,2024,95,PRIVATE,3,74
1940,2024,93,PRIVATE,3,84
1940,2024,89,PRIVATE,4,84
1955,2024,99,PRIVATE,4,69
1969,2023,99,PRIVATE,18,54
1971,2024,93,PRIVATE,20,53
1973,2024,95,PRIVATE,4,51
1970,2023,99,PRIVATE,12,53
1970,2024,85,TCHC,16,54
1980,2023,98,PRIVATE,8,43
2009,2023,89,TCHC,13,14
2005,2023,94,SOCIAL HOUSING,5,18
1983,2024,84,TCHC,11,41
1987,2024,82,SOCIAL HOUSING,3,37
1967,2023,70,PRIVATE,11,56
1993,2023,91,SOCIAL HOUSING,4,30
1957,2024,95,PRIVATE,3,67
1950,2024,97,PRIVATE,3,74
1950,2023,94,PRIVATE,3,73
1963,2023,97,PRIVATE,19,60
1963,2023,99,PRIVATE,29,60
1963,2024,90,PRIVATE,18,61
1968,2023,72,PRIVATE,12,55
1966,2023,96,PRIVATE,11,57
1957,2024,85,TCHC,4,67
1954,2024,86,PRIVATE,4,70
1950,2024,94,PRIVATE,3,74
1954,2024,84,PRIVATE,4,70
1960,2023,94,PRIVATE,4,63
1954,2024,91,PRIVATE,4,70
1953,2023,81,PRIVATE,3,70
1958,2024,77,PRIVATE,4,66
1955,2024,92,PRIVATE,3,69
1943,2023,87,PRIVATE,4,80
1953,2024,82,PRIVATE,4,71
1950,2024,32,PRIVATE,3,74
1950,2023,89,PRIVATE,3,73
1958,2024,85,PRIVATE,3,66
1960,2024,89,PRIVATE,17,64
1979,2023,90,PRIVATE,21,44
1971,2023,99,PRIVATE,12,52
1971,2024,89,PRIVATE,13,53
1972,2023,96,PRIVATE,10,51
1974,2023,97,PRIVATE,14,49
1957,2024,94,PRIVATE,3,67
1972,2023,84,TCHC,4,51
1972,2024,93,TCHC,4,52
1930,2024,91,PRIVATE,4,94
1930,2024,86,PRIVATE,4,94
1960,2024,92,PRIVATE,3,64
1953,2023,94,PRIVATE,3,70
1984,2023,90,TCHC,17,39
1964,2024,97,PRIVATE,7,60
1968,2023,90,TCHC,14,55
1974,2023,93,PRIVATE,14,49
1974,2023,98,PRIVATE,13,49
1974,2023,90,PRIVATE,13,49
1974,2023,92,PRIVATE,14,49
1959,2023,89,PRIVATE,11,64
1956,2024,95,PRIVATE,8,68
1925,2023,91,PRIVATE,3,98
1925,2024,94,PRIVATE,3,99
1925,2024,91,PRIVATE,4,99
1925,2024,93,PRIVATE,4,99
1931,2023,96,PRIVATE,6,92
1931,2024,94,PRIVATE,6,93
1926,2024,91,PRIVATE,4,98
1957,2024,88,PRIVATE,13,67
1956,2024,92,PRIVATE,13,68
1952,2023,86,PRIVATE,12,71
1955,2023,78,PRIVATE,11,68
1955,2024,93,PRIVATE,11,69
1956,2024,88,PRIVATE,3,68
1955,2024,93,PRIVATE,11,69
1952,2023,91,PRIVATE,4,71
1948,2023,94,PRIVATE,3,75
1951,2024,89,PRIVATE,3,73
1952,2023,85,PRIVATE,4,71
1950,2023,85,PRIVATE,3,73
1960,2024,87,PRIVATE,3,64
1960,2023,87,PRIVATE,3,63
1960,2024,90,PRIVATE,3,64
1965,2024,89,PRIVATE,4,59
1960,2023,96,PRIVATE,4,63
1961,2023,90,PRIVATE,4,62
1955,2024,85,PRIVATE,4,69
1953,2024,82,PRIVATE,3,71
1950,2024,84,PRIVATE,4,74
1950,2023,97,PRIVATE,4,73
1950,2024,86,PRIVATE,4,74
1969,2023,96,PRIVATE,16,54
1927,2023,77,PRIVATE,3,96
1957,2024,65,PRIVATE,4,67
1966,2023,100,PRIVATE,18,57
2017,2023,100,PRIVATE,30,6
1965,2023,97,PRIVATE,18,58
1968,2023,92,PRIVATE,4,55
1968,2023,99,PRIVATE,23,55
1968,2024,89,PRIVATE,27,56
1962,2024,87,PRIVATE,3,62
1930,2024,90,PRIVATE,3,94
1930,2023,93,PRIVATE,3,93
1965,2023,92,PRIVATE,12,58
1954,2024,89,PRIVATE,4,70
1968,2023,75,PRIVATE,3,55
1960,2023,75,PRIVATE,3,63
1965,2024,84,PRIVATE,19,59
1967,2024,86,PRIVATE,18,57
1950,2023,90,PRIVATE,3,73
1962,2023,71,PRIVATE,3,61
1962,2024,99,PRIVATE,4,62
1919,2023,71,PRIVATE,4,104
1929,2024,93,PRIVATE,4,95
1956,2023,81,PRIVATE,4,67
1927,2024,97,PRIVATE,4,97
1960,2023,76,PRIVATE,3,63
1918,2023,76,PRIVATE,6,105
1930,2024,83,PRIVATE,3,94
1918,2023,90,PRIVATE,3,105
1993,2023,92,TCHC,5,30
1916,2023,79,SOCIAL HOUSING,4,107
1965,2024,95,PRIVATE,14,59
1933,2023,83,PRIVATE,4,90
1959,2023,93,PRIVATE,6,64
1932,2023,92,PRIVATE,4,91
1932,2023,84,PRIVATE,4,91
1943,2023,83,PRIVATE,4,80
1943,2024,93,PRIVATE,4,81
1943,2024,91,PRIVATE,4,81
1940,2023,80,PRIVATE,5,83
1926,2023,90,PRIVATE,4,97
1926,2024,88,PRIVATE,4,98
1926,2023,89,PRIVATE,4,97
1926,2024,87,PRIVATE,4,98
1940,2024,92,PRIVATE,4,84
1940,2024,89,PRIVATE,4,84
1950,2023,71,PRIVATE,3,73
1955,2024,84,PRIVATE,4,69
1948,2023,88,PRIVATE,3,75
1960,2023,92,PRIVATE,5,63
1939,2023,86,PRIVATE,4,84
1923,2024,90,PRIVATE,4,101
1954,2023,83,PRIVATE,6,69
1930,2024,96,PRIVATE,3,94
1950,2024,83,PRIVATE,4,74
1950,2023,93,PRIVATE,5,73
1941,2023,86,PRIVATE,3,82
1953,2024,83,PRIVATE,3,71
1937,2024,58,PRIVATE,3,87
1951,2024,84,PRIVATE,7,73
1949,2024,63,PRIVATE,4,75
1953,2024,98,PRIVATE,5,71
1964,2023,89,PRIVATE,11,59
1953,2024,89,PRIVATE,6,71
1976,2024,86,PRIVATE,10,48
1952,2024,93,PRIVATE,11,72
1953,2023,83,PRIVATE,6,70
1961,2024,92,PRIVATE,10,63
1964,2024,97,PRIVATE,14,60
1992,2024,96,TCHC,7,32
1983,2023,98,TCHC,12,40
1960,2023,96,PRIVATE,3,63
1955,2023,94,PRIVATE,4,68
1955,2023,92,PRIVATE,4,68
1955,2024,76,PRIVATE,4,69
1984,2024,90,SOCIAL HOUSING,8,40
1965,2023,94,PRIVATE,9,58
1958,2023,97,PRIVATE,4,65
1960,2024,87,PRIVATE,7,64
1960,2023,87,PRIVATE,4,63
1974,2024,91,PRIVATE,19,50
1958,2023,97,PRIVATE,7,65
1964,2023,79,PRIVATE,7,59
2005,2023,98,PRIVATE,6,18
1960,2023,92,PRIVATE,4,63
1960,2023,89,PRIVATE,4,63
1960,2024,83,PRIVATE,4,64
1958,2023,95,PRIVATE,3,65
1958,2024,97,PRIVATE,4,66
1958,2024,86,PRIVATE,4,66
1958,2023,94,PRIVATE,4,65
1958,2024,89,PRIVATE,4,66
1960,2024,88,PRIVATE,5,64
1950,2023,90,SOCIAL HOUSING,3,73
1958,2023,76,PRIVATE,3,65
1950,2024,83,PRIVATE,3,74
1950,2024,78,PRIVATE,3,74
1955,2024,79,PRIVATE,3,69
1955,2024,80,PRIVATE,4,69
1959,2024,91,PRIVATE,3,65
1964,2023,72,PRIVATE,7,59
1966,2023,90,PRIVATE,9,57
1967,2024,89,PRIVATE,8,57
1950,2024,80,PRIVATE,3,74
1956,2024,76,PRIVATE,3,68
1983,2023,89,SOCIAL HOUSING,9,40
1989,2023,91,SOCIAL HOUSING,11,34
1960,2024,88,PRIVATE,6,64
1969,2024,98,PRIVATE,6,55
1960,2024,88,PRIVATE,13,64
1962,2023,96,PRIVATE,14,61
1980,2024,88,TCHC,14,44
1965,2024,91,PRIVATE,4,59
1961,2023,90,PRIVATE,6,62
1963,2023,93,PRIVATE,10,60
1962,2024,97,PRIVATE,6,62
1968,2023,79,PRIVATE,6,55
1959,2024,97,PRIVATE,6,65
1959,2023,96,PRIVATE,6,64
1964,2024,84,PRIVATE,12,60
1964,2023,95,PRIVATE,12,59
1969,2023,90,PRIVATE,12,54
1967,2023,95,PRIVATE,11,56
1967,2024,96,PRIVATE,19,57
1970,2023,92,PRIVATE,17,53
1982,2024,79,SOCIAL HOUSING,6,42
1971,2024,92,PRIVATE,12,53
1960,2023,90,PRIVATE,13,63
1960,2024,94,PRIVATE,13,64
1969,2024,91,PRIVATE,14,55
1972,2023,88,TCHC,14,51
1971,2024,89,PRIVATE,14,53
2013,2024,95,PRIVATE,29,11
2005,2024,98,PRIVATE,33,19
1979,2024,93,PRIVATE,28,45
1940,2024,80,PRIVATE,4,84
1954,2024,90,PRIVATE,6,70
1965,2023,96,PRIVATE,6,58
1953,2023,96,PRIVATE,4,70
1953,2024,94,PRIVATE,4,71
1950,2023,85,PRIVATE,3,73
2012,2024,85,TCHC,41,12
1978,2024,96,TCHC,5,46
2002,2023,93,SOCIAL HOUSING,3,21
1926,2024,74,PRIVATE,3,98
1988,2024,87,TCHC,4,36
1991,2023,97,SOCIAL HOUSING,6,32
1988,2023,82,SOCIAL HOUSING,7,35
1970,2024,87,PRIVATE,23,54
2007,2024,92,SOCIAL HOUSING,4,17
1978,2024,90,TCHC,10,46
1962,2024,89,PRIVATE,4,62
1965,2024,90,PRIVATE,3,59
1959,2023,92,PRIVATE,3,64
1958,2023,90,PRIVATE,3,65
1958,2024,84,PRIVATE,3,66
1958,2024,97,PRIVATE,7,66
1960,2024,95,PRIVATE,7,64
1978,2023,99,SOCIAL HOUSING,8,45
1967,2023,87,PRIVATE,12,56
1969,2024,88,PRIVATE,4,55
1967,2024,89,PRIVATE,4,57
1962,2023,96,PRIVATE,15,61
1965,2023,98,PRIVATE,15,58
1963,2023,99,PRIVATE,15,60
1980,2024,89,TCHC,16,44
1969,2023,70,PRIVATE,3,54
1968,2024,90,TCHC,25,56
1900,2024,80,PRIVATE,4,124
1967,2024,97,PRIVATE,5,57
1928,2024,89,PRIVATE,3,96
1992,2023,80,SOCIAL HOUSING,4,31
1978,2024,88,TCHC,9,46
1973,2023,99,PRIVATE,21,50
1970,2023,92,PRIVATE,30,53
2017,2023,100,PRIVATE,14,6
1970,2024,96,PRIVATE,24,54
1969,2024,92,PRIVATE,25,55
1965,2024,80,PRIVATE,3,59
1994,2024,75,SOCIAL HOUSING,4,30
1970,2023,87,PRIVATE,14,53
1966,2024,45,PRIVATE,14,58
1958,2023,94,PRIVATE,4,65
1959,2024,75,PRIVATE,4,65
1960,2023,64,PRIVATE,4,63
1950,2024,83,PRIVATE,4,74
1953,2024,65,PRIVATE,4,71
1959,2023,94,PRIVATE,4,64
1959,2023,69,PRIVATE,6,64
1959,2024,90,PRIVATE,6,65
1950,2024,83,PRIVATE,3,74
1928,2024,86,PRIVATE,3,96
1979,2024,89,PRIVATE,16,45
1960,2024,90,PRIVATE,9,64
2013,2023,90,PRIVATE,7,10
1981,2024,84,TCHC,7,43
1967,2024,89,PRIVATE,13,57
1965,2024,98,PRIVATE,17,59
1970,2024,94,PRIVATE,4,54
1969,2024,89,PRIVATE,12,55
2007,2023,77,SOCIAL HOUSING,3,16
1930,2023,87,PRIVATE,4,93
1969,2024,95,PRIVATE,10,55
1964,2024,92,PRIVATE,12,60
1983,2023,91,TCHC,15,40
1960,2023,75,PRIVATE,3,63
1958,2024,75,PRIVATE,3,66
1976,2024,92,PRIVATE,22,48
1959,2024,95,PRIVATE,4,65
1963,2024,93,PRIVATE,12,61
1962,2024,86,PRIVATE,6,62
1970,2023,82,PRIVATE,5,53
1963,2024,81,PRIVATE,10,61
1964,2024,89,PRIVATE,6,60
1963,2024,92,PRIVATE,13,61
1964,2023,92,PRIVATE,15,59
1967,2023,91,PRIVATE,16,56
1968,2023,92,PRIVATE,6,55
1964,2023,93,PRIVATE,16,59
1968,2024,81,PRIVATE,16,56
1962,2024,82,PRIVATE,6,62
1961,2024,82,PRIVATE,6,63
1969,2024,80,PRIVATE,10,55
1950,2024,88,PRIVATE,4,74
1966,2023,91,PRIVATE,6,57
1960,2024,91,PRIVATE,4,64
1959,2023,99,PRIVATE,4,64
1959,2023,97,PRIVATE,4,64
1958,2023,95,PRIVATE,6,65
1950,2023,83,PRIVATE,6,73
1960,2024,88,PRIVATE,6,64
1971,2024,83,PRIVATE,19,53
1968,2023,90,PRIVATE,14,55
1980,2024,95,TCHC,6,44
1970,2024,96,PRIVATE,16,54
1930,2024,79,PRIVATE,4,94
1985,2024,94,SOCIAL HOUSING,5,39
1986,2024,94,TCHC,8,38
2012,2024,97,SOCIAL HOUSING,8,12
1949,2024,97,PRIVATE,3,75
1995,2023,96,SOCIAL HOUSING,8,28
1992,2024,95,SOCIAL HOUSING,9,32
1958,2024,74,PRIVATE,4,66
1951,2024,75,PRIVATE,3,73
1912,2023,89,PRIVATE,3,111
1960,2023,70,PRIVATE,3,63
1924,2024,65,PRIVATE,3,100
1930,2024,63,PRIVATE,3,94
1940,2024,40,PRIVATE,3,84
1967,2023,93,PRIVATE,20,56
2008,2023,91,PRIVATE,3,15
1989,2023,94,TCHC,7,34
1955,2023,98,PRIVATE,5,68
1965,2023,97,PRIVATE,9,58
1900,2023,78,PRIVATE,3,123
1930,2023,84,PRIVATE,5,93
1973,2024,91,PRIVATE,7,51
1958,2024,85,PRIVATE,7,66
1917,2023,75,PRIVATE,4,106
1917,2024,81,PRIVATE,5,107
2010,2024,83,SOCIAL HOUSING,4,14
1996,2024,93,SOCIAL HOUSING,6,28
1954,2023,81,PRIVATE,3,69
1970,2024,75,PRIVATE,14,54
1970,2023,92,PRIVATE,14,53
1971,2024,73,PRIVATE,4,53
1967,2024,90,TCHC,16,57
1941,2024,89,PRIVATE,4,83
1941,2024,90,PRIVATE,4,83
1941,2023,81,PRIVATE,4,82
1964,2023,97,PRIVATE,14,59
1980,2024,93,TCHC,7,44
1984,2023,87,SOCIAL HOUSING,8,39
2021,2023,99,PRIVATE,13,2
2021,2023,100,PRIVATE,10,2
1967,2024,84,SOCIAL HOUSING,13,57
1971,2023,93,PRIVATE,15,52
1950,2023,77,PRIVATE,3,73
1959,2024,64,PRIVATE,4,65
1959,2023,68,PRIVATE,4,64
1997,2024,75,SOCIAL HOUSING,16,27
1960,2024,58,PRIVATE,3,64
1968,2024,90,PRIVATE,18,56
1991,2024,99,SOCIAL HOUSING,10,33
1983,2023,89,SOCIAL HOUSING,14,40
1968,2024,91,PRIVATE,28,56
2007,2024,100,PRIVATE,22,17
1960,2024,98,PRIVATE,11,64
1969,2024,95,PRIVATE,7,55
1995,2023,91,SOCIAL HOUSING,15,28
1973,2024,72,PRIVATE,11,51
1980,2023,90,TCHC,7,43
1991,2023,87,SOCIAL HOUSING,4,32
2012,2023,85,SOCIAL HOUSING,5,11
1991,2023,97,SOCIAL HOUSING,4,32
1973,2023,97,TCHC,4,50
1960,2024,89,TCHC,4,64
1958,2023,65,PRIVATE,3,65
1986,2024,89,SOCIAL HOUSING,7,38
1911,2023,76,PRIVATE,3,112
1959,2023,82,TCHC,6,64
2016,2023,96,PRIVATE,8,7
1976,2023,94,PRIVATE,29,47
1997,2024,92,SOCIAL HOUSING,6,27
1992,2023,86,SOCIAL HOUSING,6,31
1960,2023,80,PRIVATE,3,63
2021,2024,97,PRIVATE,7,3
1972,2024,92,TCHC,10,52
1972,2024,91,TCHC,10,52
1990,2023,91,SOCIAL HOUSING,12,33
1950,2023,97,PRIVATE,4,73
1950,2023,96,PRIVATE,4,73
1950,2023,96,PRIVATE,4,73
1968,2023,94,PRIVATE,10,55
1962,2023,82,TCHC,19,61
2021,2024,100,PRIVATE,41,3
1960,2023,83,PRIVATE,7,63
1970,2024,89,PRIVATE,24,54
1968,2024,80,PRIVATE,18,56
1917,2024,72,PRIVATE,5,107
1963,2023,92,PRIVATE,15,60
1966,2023,98,PRIVATE,30,57
1977,2024,93,TCHC,16,47
1931,2023,85,PRIVATE,3,92
1959,2024,74,PRIVATE,4,65
1992,2024,95,SOCIAL HOUSING,5,32
1971,2024,84,TCHC,20,53
1974,2024,99,PRIVATE,23,50
1900,2024,86,PRIVATE,3,124
1900,2023,78,PRIVATE,3,123
1974,2023,87,PRIVATE,33,49
1913,2024,76,PRIVATE,3,111
2021,2023,98,PRIVATE,9,2
2006,2023,70,PRIVATE,6,17
2008,2024,82,PRIVATE,5,16
1920,2024,47,PRIVATE,4,104
1992,2023,95,SOCIAL HOUSING,3,31
1955,2023,98,PRIVATE,4,68
1930,2024,84,PRIVATE,4,94
1993,2024,98,TCHC,7,31
1993,2024,96,TCHC,7,31
1956,2023,86,TCHC,3,67
1965,2023,92,PRIVATE,20,58
1963,2023,89,PRIVATE,10,60
1956,2024,88,PRIVATE,4,68
1954,2023,87,TCHC,4,69
1970,2023,81,PRIVATE,6,53
1885,2023,93,PRIVATE,3,138
1969,2023,94,PRIVATE,21,54
1968,2023,93,PRIVATE,15,55
1967,2023,93,PRIVATE,20,56
2001,2024,99,PRIVATE,8,23
1967,2024,93,PRIVATE,4,57
1970,2024,78,PRIVATE,7,54
1965,2023,84,PRIVATE,3,58
1964,2023,78,PRIVATE,4,59
1964,2023,83,PRIVATE,4,59
1965,2023,82,PRIVATE,4,58
1965,2024,91,PRIVATE,4,59
1966,2023,84,PRIVATE,4,57
1966,2023,87,PRIVATE,4,57
1964,2024,93,PRIVATE,19,60
1964,2023,85,PRIVATE,15,59
1954,2024,92,PRIVATE,3,70
1962,2024,97,PRIVATE,5,62
1935,2023,84,PRIVATE,3,88
1960,2023,81,PRIVATE,9,63
1888,2024,64,PRIVATE,3,136
1982,2023,88,PRIVATE,22,41
1974,2023,95,PRIVATE,24,49
1959,2024,84,PRIVATE,5,65
1959,2023,94,PRIVATE,5,64
1977,2023,85,PRIVATE,4,46
1970,2023,82,PRIVATE,3,53
1960,2023,85,PRIVATE,4,63
1968,2024,60,PRIVATE,4,56
1968,2024,87,PRIVATE,12,56
1968,2024,73,PRIVATE,10,56
1945,2024,73,PRIVATE,3,79
1967,2023,96,PRIVATE,21,56
1960,2023,90,PRIVATE,18,63
1962,2024,94,PRIVATE,21,62
1962,2024,96,PRIVATE,21,62
1959,2023,95,PRIVATE,21,64
1967,2024,91,PRIVATE,25,57
1973,2024,84,TCHC,20,51
1974,2023,95,PRIVATE,15,49
1974,2023,87,PRIVATE,15,49
1922,2024,90,PRIVATE,4,102
1979,2024,85,PRIVATE,16,45
1994,2024,91,SOCIAL HOUSING,12,30
2010,2023,94,TCHC,12,13
1927,2023,83,PRIVATE,3,96
1973,2024,82,PRIVATE,23,51
1960,2023,92,PRIVATE,11,63
1988,2023,90,SOCIAL HOUSING,4,35
1962,2023,92,PRIVATE,7,61
1962,2023,83,PRIVATE,7,61
1962,2023,99,PRIVATE,12,61
1964,2024,91,PRIVATE,14,60
1964,2024,95,PRIVATE,7,60
1964,2024,92,PRIVATE,7,60
1965,2023,92,PRIVATE,6,58
1966,2023,87,PRIVATE,4,57
1965,2024,87,PRIVATE,12,59
1969,2023,85,PRIVATE,4,54
1965,2024,94,PRIVATE,12,59
1950,2023,99,PRIVATE,4,73
1955,2024,80,PRIVATE,3,69
1955,2024,98,PRIVATE,4,69
1956,2023,94,PRIVATE,5,67
1959,2023,75,PRIVATE,4,64
1959,2023,83,PRIVATE,5,64
1965,2024,98,PRIVATE,3,59
1968,2023,82,PRIVATE,9,55
1992,2023,94,TCHC,6,31
1977,2024,93,TCHC,7,47
1961,2023,79,PRIVATE,10,62
1965,2024,92,PRIVATE,12,59
1967,2024,83,PRIVATE,13,57
1950,2024,91,PRIVATE,6,74
1972,2023,81,PRIVATE,23,51
1972,2024,77,PRIVATE,23,52
1972,2023,79,PRIVATE,23,51
1974,2024,84,PRIVATE,28,50
1967,2024,95,PRIVATE,8,57
1961,2023,87,PRIVATE,8,62
1915,2024,81,PRIVATE,3,109
1972,2024,90,PRIVATE,51,52
1981,2023,88,PRIVATE,32,42
1977,2023,96,PRIVATE,21,46
1936,2024,90,PRIVATE,4,88
1929,2024,97,PRIVATE,4,95
1987,2024,86,TCHC,15,37
2012,2023,100,PRIVATE,20,11
1970,2024,96,PRIVATE,14,54
1962,2024,90,PRIVATE,4,62
1940,2024,80,PRIVATE,3,84
1952,2023,76,PRIVATE,3,71
1965,2024,89,PRIVATE,4,59
1996,2024,83,TCHC,13,28
1963,2024,83,PRIVATE,10,61
1965,2023,71,PRIVATE,6,58
2005,2023,97,PRIVATE,28,18
1910,2023,99,PRIVATE,3,113
1910,2023,97,PRIVATE,4,113
1958,2024,23,PRIVATE,3,66
1994,2023,56,SOCIAL HOUSING,3,29
1929,2023,100,PRIVATE,4,94
1960,2023,82,PRIVATE,3,63
1955,2023,86,PRIVATE,3,68
1937,2023,85,PRIVATE,3,86
1967,2023,97,PRIVATE,5,56
1960,2023,85,PRIVATE,4,63
1955,2024,87,PRIVATE,4,69
1951,2024,92,PRIVATE,4,73
1951,2024,91,PRIVATE,4,73
1951,2023,83,PRIVATE,4,72
1951,2024,92,PRIVATE,4,73
1950,2023,67,PRIVATE,4,73
1951,2023,83,PRIVATE,4,72
1950,2023,67,PRIVATE,3,73
1915,2024,88,PRIVATE,3,109
1958,2023,90,PRIVATE,3,65
1981,2023,98,PRIVATE,7,42
1989,2023,91,TCHC,7,34
1970,2023,57,PRIVATE,3,53
1992,2023,96,PRIVATE,3,31
1972,2023,92,PRIVATE,14,51
1970,2023,91,PRIVATE,14,53
1971,2024,86,PRIVATE,23,53
1920,2024,89,PRIVATE,3,104
1968,2024,89,PRIVATE,3,56
1959,2024,85,PRIVATE,4,65
1993,2023,84,TCHC,6,30
1989,2023,82,SOCIAL HOUSING,6,34
1989,2023,85,TCHC,5,34
1958,2024,78,PRIVATE,4,66
1957,2023,92,PRIVATE,4,66
1955,2024,80,PRIVATE,3,69
1935,2023,86,PRIVATE,6,88
2022,2023,99,PRIVATE,9,1
1912,2024,88,PRIVATE,3,112
1929,2024,84,PRIVATE,4,95
1930,2024,79,PRIVATE,3,94
1950,2023,79,PRIVATE,3,73
1963,2024,92,PRIVATE,7,61
1964,2024,88,PRIVATE,8,60
2016,2023,98,SOCIAL HOUSING,12,7
1973,2024,96,PRIVATE,37,51
1977,2023,85,PRIVATE,13,46
1963,2023,93,PRIVATE,3,60
1962,2023,97,PRIVATE,22,61
1965,2023,92,PRIVATE,5,58
1965,2024,97,PRIVATE,12,59
1973,2024,91,PRIVATE,12,51
1970,2023,98,PRIVATE,15,53
1986,2023,82,PRIVATE,11,37
1961,2023,98,PRIVATE,7,62
1960,2024,95,PRIVATE,10,64
1955,2023,94,PRIVATE,3,68
1950,2024,79,PRIVATE,3,74
1950,2024,86,PRIVATE,6,74
1960,2024,98,PRIVATE,4,64
1956,2023,89,PRIVATE,6,67
1960,2024,81,PRIVATE,3,64
1965,2024,96,PRIVATE,15,59
1958,2023,93,PRIVATE,4,65
1962,2023,93,PRIVATE,12,61
1965,2023,96,PRIVATE,4,58
1960,2024,88,PRIVATE,6,64
1959,2023,89,PRIVATE,6,64
1967,2024,86,PRIVATE,12,57
1968,2023,91,PRIVATE,4,55
1965,2024,89,PRIVATE,8,59
1959,2023,98,PRIVATE,6,64
2004,2023,87,SOCIAL HOUSING,6,19
1955,2023,97,PRIVATE,6,68
1927,2023,84,PRIVATE,6,96
1959,2023,97,PRIVATE,3,64
1965,2023,80,PRIVATE,17,58
1965,2024,93,PRIVATE,21,59
1953,2024,87,PRIVATE,4,71
1983,2023,99,SOCIAL HOUSING,8,40
1995,2023,86,SOCIAL HOUSING,3,28
1989,2023,95,SOCIAL HOUSING,4,34
2003,2024,92,SOCIAL HOUSING,3,21
2002,2023,97,SOCIAL HOUSING,3,21
1990,2023,99,SOCIAL HOUSING,3,33
1956,2023,89,PRIVATE,4,67
1955,2023,90,PRIVATE,4,68
1960,2024,89,PRIVATE,4,64
1958,2024,88,PRIVATE,4,66
1956,2023,90,PRIVATE,4,67
1955,2024,90,PRIVATE,4,69
1955,2024,94,PRIVATE,4,69
1955,2023,94,PRIVATE,4,68
1971,2023,88,PRIVATE,29,52
1971,2024,83,PRIVATE,29,53
1971,2023,88,PRIVATE,10,52
1952,2023,96,PRIVATE,4,71
1960,2024,90,PRIVATE,6,64
1956,2024,91,PRIVATE,5,68
1954,2024,92,PRIVATE,4,70
1954,2024,93,PRIVATE,4,70
1958,2023,85,PRIVATE,4,65
1962,2024,91,PRIVATE,4,62
1955,2024,87,PRIVATE,5,69
1953,2023,80,PRIVATE,5,70
1953,2024,90,PRIVATE,5,71
1954,2024,93,PRIVATE,5,70
1996,2023,93,SOCIAL HOUSING,4,27
1970,2024,95,TCHC,4,54
1967,2023,96,PRIVATE,13,56
1966,2023,87,PRIVATE,4,57
1980,2024,93,SOCIAL HOUSING,4,44
1985,2023,62,PRIVATE,3,38
1985,2024,85,PRIVATE,4,39
1960,2023,82,PRIVATE,3,63
1973,2024,85,PRIVATE,3,51
1959,2024,78,PRIVATE,4,65
1962,2024,77,PRIVATE,4,62
1960,2024,84,PRIVATE,6,64
1969,2023,82,PRIVATE,14,54
1967,2024,87,PRIVATE,9,57
1983,2023,82,SOCIAL HOUSING,12,40
1987,2023,87,SOCIAL HOUSING,14,36
1970,2024,88,PRIVATE,11,54
1971,2024,95,PRIVATE,16,53
2008,2023,74,TCHC,4,15
1970,2024,98,PRIVATE,11,54
1972,2023,76,PRIVATE,27,51
1959,2023,77,PRIVATE,6,64
1959,2023,82,PRIVATE,6,64
1962,2023,92,PRIVATE,7,61
1971,2024,94,PRIVATE,7,53
1993,2023,83,SOCIAL HOUSING,14,30
1962,2023,92,TCHC,12,61
1964,2023,96,TCHC,15,59
1970,2024,89,PRIVATE,17,54
1970,2023,96,PRIVATE,18,53
1953,2024,96,PRIVATE,3,71
1953,2024,97,PRIVATE,3,71
1953,2024,98,PRIVATE,3,71
1953,2024,98,PRIVATE,3,71
1957,2023,81,TCHC,3,66
1957,2023,78,TCHC,3,66
1957,2023,80,TCHC,3,66
1957,2024,83,TCHC,4,67
1957,2023,79,TCHC,4,66
1957,2023,90,TCHC,4,66
1992,2023,83,SOCIAL HOUSING,6,31
1952,2023,76,PRIVATE,3,71
1960,2023,84,PRIVATE,3,63
1970,2024,89,PRIVATE,6,54
1966,2023,93,PRIVATE,14,57
1966,2024,88,PRIVATE,14,58
1976,2023,85,PRIVATE,29,47
1975,2023,94,PRIVATE,29,48
1968,2024,95,PRIVATE,10,56
1967,2024,88,PRIVATE,17,57
1965,2023,91,PRIVATE,18,58
1956,2023,77,PRIVATE,4,67
1955,2023,88,PRIVATE,4,68
2000,2024,90,TCHC,7,24
1963,2024,97,PRIVATE,4,61
1950,2023,95,PRIVATE,4,73
1960,2023,87,PRIVATE,4,63
1959,2023,92,PRIVATE,3,64
1968,2024,83,PRIVATE,22,56
1973,2023,88,PRIVATE,22,50
1972,2023,76,PRIVATE,22,51
1960,2024,93,PRIVATE,3,64
1957,2023,83,PRIVATE,3,66
1958,2024,91,PRIVATE,3,66
1983,2024,93,PRIVATE,3,41
1958,2024,88,PRIVATE,3,66
1958,2023,91,PRIVATE,3,65
1962,2023,91,PRIVATE,3,61
1982,2023,96,TCHC,3,41
1993,2023,92,SOCIAL HOUSING,18,30
1994,2023,95,SOCIAL HOUSING,5,29
1950,2024,86,PRIVATE,3,74
1958,2023,90,PRIVATE,3,65
1964,2023,91,PRIVATE,12,59
1960,2024,92,PRIVATE,6,64
1970,2024,89,PRIVATE,4,54
1974,2024,92,PRIVATE,6,50
1955,2024,85,PRIVATE,6,69
1958,2024,99,PRIVATE,4,66
1961,2023,100,PRIVATE,6,62
1961,2023,100,PRIVATE,6,62
1965,2023,86,PRIVATE,12,58
1960,2024,82,PRIVATE,4,64
1950,2023,99,PRIVATE,3,73
1954,2024,96,PRIVATE,6,70
1969,2024,83,PRIVATE,7,55
1970,2023,90,PRIVATE,12,53
1959,2024,78,PRIVATE,3,65
1966,2023,65,PRIVATE,17,57
1975,2023,93,PRIVATE,3,48
1975,2023,92,PRIVATE,3,48
1975,2023,94,PRIVATE,3,48
1975,2024,76,PRIVATE,3,49
1975,2023,93,PRIVATE,3,48
1975,2023,96,PRIVATE,3,48
1975,2024,76,PRIVATE,3,49
1975,2024,79,PRIVATE,3,49
1975,2024,81,PRIVATE,3,49
1975,2023,88,PRIVATE,3,48
1975,2023,88,PRIVATE,3,48
2022,2024,97,PRIVATE,4,2
1986,2023,77,TCHC,5,37
1939,2024,87,PRIVATE,3,85
1969,2024,68,PRIVATE,33,55
2007,2023,96,PRIVATE,12,16
1930,2023,72,PRIVATE,4,93
1991,2023,84,SOCIAL HOUSING,3,32
1976,2024,81,TCHC,7,48
1980,2024,78,TCHC,3,44
1891,2023,92,SOCIAL HOUSING,3,132
1950,2023,85,SOCIAL HOUSING,5,73
1996,2024,93,SOCIAL HOUSING,5,28
1994,2023,96,SOCIAL HOUSING,5,29
1965,2023,56,PRIVATE,3,58
1960,2024,90,PRIVATE,6,64
1958,2023,85,PRIVATE,7,65
1950,2024,89,SOCIAL HOUSING,3,74
1910,2024,77,SOCIAL HOUSING,3,114
1930,2024,75,PRIVATE,3,94
1967,2023,37,TCHC,5,56
1991,2024,85,TCHC,4,33
1954,2023,91,PRIVATE,3,69
2018,2023,97,PRIVATE,43,5
1973,2024,94,PRIVATE,25,51
2020,2023,98,PRIVATE,32,3
1930,2023,93,PRIVATE,4,93
1960,2024,75,PRIVATE,3,64
1960,2023,80,PRIVATE,3,63
1954,2023,89,PRIVATE,14,69
1970,2024,79,TCHC,18,54
1970,2023,93,TCHC,6,53
1980,2023,94,TCHC,6,43
1980,2024,94,TCHC,6,44
1980,2023,95,TCHC,6,43
1965,2024,88,PRIVATE,5,59
1911,2023,87,PRIVATE,4,112
1984,2024,84,PRIVATE,10,40
1974,2024,87,PRIVATE,10,50
1971,2024,83,TCHC,12,53
1952,2024,87,PRIVATE,4,72
1934,2023,89,PRIVATE,6,89
1960,2024,92,PRIVATE,3,64
1954,2023,82,PRIVATE,4,69
1970,2024,89,TCHC,17,54
1971,2023,86,PRIVATE,3,52
1971,2023,81,PRIVATE,3,52
1971,2023,83,PRIVATE,3,52
1971,2024,85,PRIVATE,3,53
1952,2024,63,PRIVATE,3,72
1954,2024,87,PRIVATE,4,70
1950,2024,80,PRIVATE,3,74
1962,2023,82,PRIVATE,4,61
1962,2024,95,PRIVATE,4,62
1955,2024,93,PRIVATE,4,69
1962,2023,79,PRIVATE,6,61
1950,2024,97,PRIVATE,4,74
1950,2023,96,PRIVATE,3,73
1930,2024,75,PRIVATE,3,94
1986,2024,98,PRIVATE,23,38
1973,2023,88,PRIVATE,30,50
1955,2023,76,PRIVATE,3,68
2021,2023,100,PRIVATE,34,2
1928,2024,91,PRIVATE,3,96
1960,2024,90,PRIVATE,11,64
1911,2024,81,PRIVATE,3,113
1940,2023,90,PRIVATE,3,83
1960,2024,92,PRIVATE,11,64
1965,2023,89,PRIVATE,16,58
1968,2024,79,PRIVATE,15,56
1970,2024,96,PRIVATE,15,54
1965,2024,92,PRIVATE,16,59
1964,2024,96,PRIVATE,15,60
1969,2024,85,PRIVATE,12,55
1964,2023,96,PRIVATE,15,59
1969,2024,75,PRIVATE,12,55
1960,2023,91,PRIVATE,7,63
1961,2023,95,PRIVATE,7,62
1961,2023,86,PRIVATE,7,62
1972,2023,81,TCHC,16,51
1972,2023,95,TCHC,17,51
1926,2024,41,PRIVATE,3,98
1974,2023,86,PRIVATE,8,49
1974,2023,96,PRIVATE,15,49
1970,2023,99,PRIVATE,21,53
1968,2024,94,PRIVATE,11,56
1966,2023,88,PRIVATE,17,57
1968,2024,98,PRIVATE,12,56
1994,2023,96,SOCIAL HOUSING,7,29
1971,2024,96,PRIVATE,15,53
1960,2024,93,PRIVATE,6,64
1962,2024,91,PRIVATE,6,62
1958,2024,98,PRIVATE,6,66
1993,2023,87,TCHC,3,30
1970,2023,75,PRIVATE,3,53
1958,2024,85,PRIVATE,3,66
1968,2023,81,PRIVATE,20,55
1970,2023,98,PRIVATE,20,53
1970,2023,89,PRIVATE,24,53
1962,2023,93,PRIVATE,6,61
1962,2023,92,PRIVATE,6,61
1970,2023,87,TCHC,13,53
1970,2023,75,TCHC,13,53
1956,2024,76,PRIVATE,5,68
1992,2023,91,SOCIAL HOUSING,4,31
1992,2023,92,SOCIAL HOUSING,3,31
1992,2023,95,SOCIAL HOUSING,4,31
1992,2023,89,SOCIAL HOUSING,4,31
1992,2023,93,SOCIAL HOUSING,3,31
1967,2024,84,PRIVATE,9,57
1918,2023,94,PRIVATE,4,105
1925,2023,76,PRIVATE,4,98
1929,2024,94,PRIVATE,5,95
1993,2023,95,SOCIAL HOUSING,4,30
1940,2024,81,PRIVATE,3,84
1989,2023,94,SOCIAL HOUSING,5,34
1995,2024,92,SOCIAL HOUSING,3,29
1989,2023,95,SOCIAL HOUSING,4,34
1965,2023,98,TCHC,6,58
1965,2023,96,PRIVATE,24,58
1960,2023,78,PRIVATE,4,63
1960,2024,96,PRIVATE,4,64
1960,2023,88,PRIVATE,4,63
1962,2023,90,PRIVATE,4,61
1960,2023,87,PRIVATE,4,63
1960,2023,86,PRIVATE,4,63
1958,2024,94,PRIVATE,4,66
1960,2023,80,PRIVATE,4,63
1958,2023,89,PRIVATE,4,65
1960,2024,95,PRIVATE,4,64
1958,2024,94,PRIVATE,4,66
1970,2024,80,SOCIAL HOUSING,3,54
1959,2023,84,SOCIAL HOUSING,4,64
1956,2024,87,TCHC,4,68
1956,2024,79,TCHC,4,68
1968,2023,89,PRIVATE,13,55
1928,2023,87,PRIVATE,6,95
2011,2023,86,SOCIAL HOUSING,5,12
1981,2023,91,TCHC,15,42
1930,2023,81,PRIVATE,4,93
1972,2024,89,TCHC,10,52
1967,2024,86,PRIVATE,15,57
1969,2023,100,PRIVATE,19,54
1962,2023,97,PRIVATE,7,61
1969,2023,89,PRIVATE,13,54
1957,2024,91,PRIVATE,6,67
1963,2024,90,PRIVATE,5,61
1965,2023,84,PRIVATE,12,58
1960,2023,93,PRIVATE,10,63
1963,2023,91,PRIVATE,9,60
1959,2024,87,PRIVATE,6,65
1965,2024,93,PRIVATE,12,59
1964,2023,89,PRIVATE,8,59
1965,2024,93,PRIVATE,10,59
1960,2023,95,PRIVATE,8,63
1986,2024,97,PRIVATE,5,38
1954,2023,78,PRIVATE,3,69
1961,2023,90,PRIVATE,4,62
1954,2023,86,PRIVATE,4,69
1950,2024,72,PRIVATE,4,74
1954,2024,90,PRIVATE,3,70
1958,2023,84,PRIVATE,4,65
1945,2023,83,PRIVATE,3,78
1944,2023,78,PRIVATE,3,79
1954,2024,79,PRIVATE,3,70
1965,2024,90,PRIVATE,4,59
1962,2024,86,PRIVATE,6,62
1982,2024,92,PRIVATE,7,42
1982,2024,88,PRIVATE,9,42
1982,2023,94,PRIVATE,9,41
1971,2024,91,PRIVATE,6,53
1971,2023,90,PRIVATE,6,52
1958,2024,88,PRIVATE,6,66
1958,2024,90,PRIVATE,6,66
1960,2023,94,PRIVATE,7,63
1968,2024,92,PRIVATE,6,56
1964,2023,95,PRIVATE,9,59
1960,2023,90,PRIVATE,7,63
1968,2023,92,PRIVATE,7,55
1960,2023,89,PRIVATE,5,63
1960,2023,88,PRIVATE,5,63
1965,2023,94,PRIVATE,7,58
1965,2023,91,PRIVATE,6,58
1953,2024,89,PRIVATE,6,71
1960,2024,87,PRIVATE,6,64
1960,2024,79,PRIVATE,7,64
1969,2024,78,PRIVATE,12,55
1965,2024,82,TCHC,12,59
1965,2024,77,TCHC,7,59
1950,2023,80,PRIVATE,3,73
1950,2024,78,PRIVATE,3,74
1920,2023,84,PRIVATE,3,103
1955,2023,93,PRIVATE,3,68
1957,2023,82,PRIVATE,5,66
1960,2023,82,PRIVATE,3,63
1968,2024,79,PRIVATE,6,56
1961,2024,88,PRIVATE,8,63
1950,2024,83,PRIVATE,4,74
1950,2023,88,PRIVATE,4,73
1950,2024,87,PRIVATE,4,74
1950,2024,89,PRIVATE,3,74
1930,2023,84,PRIVATE,3,93
1952,2023,95,PRIVATE,7,71
1941,2023,79,TCHC,4,82
1941,2024,75,TCHC,4,83
1980,2023,92,PRIVATE,7,43
1955,2024,87,PRIVATE,4,69
1955,2023,87,PRIVATE,3,68
1958,2023,74,PRIVATE,4,65
1955,2024,79,PRIVATE,4,69
1954,2024,79,PRIVATE,4,70
1960,2024,79,SOCIAL HOUSING,4,64
1960,2024,80,PRIVATE,3,64
1960,2023,74,PRIVATE,3,63
1981,2023,91,TCHC,14,42
1937,2024,72,PRIVATE,3,87
1963,2024,78,PRIVATE,3,61
1959,2023,89,PRIVATE,5,64
1950,2024,98,PRIVATE,4,74
1989,2024,79,TCHC,21,35
1993,2024,88,SOCIAL HOUSING,8,31
1975,2023,95,PRIVATE,4,48
1950,2024,77,PRIVATE,4,74
1950,2023,74,PRIVATE,4,73
1953,2024,82,PRIVATE,4,71
2009,2024,80,SOCIAL HOUSING,3,15
1953,2023,95,PRIVATE,4,70
1986,2024,96,SOCIAL HOUSING,16,38
1960,2024,87,PRIVATE,3,64
1951,2024,93,PRIVATE,4,73
1960,2024,91,PRIVATE,3,64
1960,2024,92,PRIVATE,4,64
1960,2023,94,PRIVATE,4,63
1962,2023,95,PRIVATE,3,61
2011,2023,87,SOCIAL HOUSING,17,12
1970,2023,86,PRIVATE,5,53
1966,2024,99,PRIVATE,17,58
1966,2023,97,PRIVATE,6,57
1967,2023,90,PRIVATE,5,56
1976,2024,91,PRIVATE,4,48
1976,2024,88,PRIVATE,4,48
1994,2024,98,SOCIAL HOUSING,8,30
1969,2024,92,TCHC,16,55
1969,2024,96,TCHC,16,55
1976,2024,92,SOCIAL HOUSING,12,48
1960,2024,91,PRIVATE,3,64
1982,2023,94,SOCIAL HOUSING,3,41
1957,2024,85,PRIVATE,4,67
1957,2023,88,PRIVATE,4,66
1950,2024,84,PRIVATE,3,74
1931,2024,72,PRIVATE,3,93
1957,2024,82,PRIVATE,3,67
1931,2024,87,PRIVATE,3,93
1968,2023,82,PRIVATE,4,55
1967,2023,96,PRIVATE,18,56
1985,2023,97,TCHC,9,38
1985,2024,85,TCHC,16,39
1961,2024,84,PRIVATE,14,63
1970,2024,83,PRIVATE,15,54
1955,2024,92,TCHC,4,69
1945,2024,86,PRIVATE,4,79
1959,2023,76,PRIVATE,3,64
1968,2023,76,PRIVATE,23,55
1971,2023,91,PRIVATE,24,52
1956,2024,87,PRIVATE,3,68
1956,2024,79,PRIVATE,3,68
1956,2024,81,PRIVATE,3,68
2023,2024,78,PRIVATE,3,1
1969,2023,87,TCHC,3,54
1970,2023,91,PRIVATE,16,53
2020,2023,100,PRIVATE,35,3
1964,2023,77,PRIVATE,10,59
1964,2023,98,PRIVATE,16,59
1956,2024,84,PRIVATE,4,68
1970,2023,90,PRIVATE,27,53
1947,2023,70,PRIVATE,4,76
1972,2023,96,PRIVATE,23,51
1970,2024,93,PRIVATE,11,54
1972,2024,100,PRIVATE,30,52
1962,2024,98,PRIVATE,13,62
1969,2023,96,PRIVATE,23,54
1950,2024,98,PRIVATE,4,74
1957,2024,94,PRIVATE,4,67
1960,2024,93,PRIVATE,13,64
1961,2023,99,PRIVATE,4,62
1966,2023,98,PRIVATE,15,57
1966,2023,89,PRIVATE,15,57
1965,2024,94,PRIVATE,16,59
1963,2023,93,PRIVATE,7,60
1963,2023,94,PRIVATE,7,60
1930,2024,71,PRIVATE,3,94
1958,2024,65,PRIVATE,3,66
1974,2024,88,PRIVATE,18,50
1974,2023,93,PRIVATE,14,49
1971,2023,79,PRIVATE,19,52
1960,2024,84,PRIVATE,5,64
1967,2023,91,PRIVATE,3,56
1970,2024,83,PRIVATE,3,54
1967,2024,97,PRIVATE,11,57
1970,2023,89,PRIVATE,19,53
1968,2023,88,PRIVATE,20,55
1970,2023,96,TCHC,19,53
1970,2024,93,TCHC,19,54
1957,2024,85,PRIVATE,3,67
1996,2023,97,SOCIAL HOUSING,5,27
1970,2024,90,PRIVATE,19,54
1989,2024,86,TCHC,3,35
1960,2023,91,PRIVATE,4,63
1960,2024,86,PRIVATE,4,64
1952,2023,89,PRIVATE,5,71
1965,2024,80,PRIVATE,3,59
1965,2024,79,PRIVATE,3,59
1965,2024,85,PRIVATE,3,59
1952,2024,74,PRIVATE,3,72
1973,2023,82,TCHC,4,50
1973,2024,78,TCHC,4,51
1973,2023,86,TCHC,4,50
1973,2024,77,TCHC,4,51
1973,2023,81,TCHC,4,50
1973,2023,83,TCHC,4,50
1958,2023,94,PRIVATE,3,65
1957,2023,85,PRIVATE,3,66
1957,2024,92,PRIVATE,3,67
1955,2023,88,PRIVATE,3,68
1958,2024,88,PRIVATE,3,66
1985,2024,100,PRIVATE,21,39
1979,2023,91,TCHC,18,44
1975,2023,81,SOCIAL HOUSING,6,48
1961,2024,89,PRIVATE,4,63
1974,2024,90,PRIVATE,17,50
1974,2023,97,PRIVATE,17,49
1973,2024,89,PRIVATE,17,51
1920,2024,74,PRIVATE,3,104
1920,2023,76,PRIVATE,3,103
1958,2023,97,PRIVATE,3,65
1992,2024,98,SOCIAL HOUSING,4,32
1971,2024,89,PRIVATE,20,53
1971,2024,85,PRIVATE,16,53
1972,2024,78,TCHC,14,52
1959,2024,76,PRIVATE,3,65
1960,2024,83,PRIVATE,4,64
1958,2023,77,PRIVATE,3,65
1965,2023,85,PRIVATE,4,58
1956,2023,95,PRIVATE,4,67
1950,2023,91,PRIVATE,4,73
1982,2024,89,TCHC,5,42
1955,2023,89,PRIVATE,4,68
1960,2024,98,PRIVATE,3,64
1960,2023,90,PRIVATE,3,63
1955,2024,76,PRIVATE,3,69
1957,2024,90,PRIVATE,3,67
1960,2024,93,PRIVATE,3,64
1952,2023,88,PRIVATE,3,71
1952,2023,87,PRIVATE,3,71
1950,2023,85,PRIVATE,3,73
1958,2024,84,PRIVATE,3,66
1960,2023,75,PRIVATE,3,63
1958,2023,74,PRIVATE,3,65
1995,2024,89,TCHC,5,29
1953,2024,74,PRIVATE,3,71
1953,2024,77,PRIVATE,3,71
1953,2023,79,PRIVATE,3,70
1953,2024,76,PRIVATE,3,71
1955,2024,73,PRIVATE,3,69
1960,2024,87,PRIVATE,3,64
1960,2023,75,PRIVATE,3,63
1960,2023,92,PRIVATE,4,63
1960,2024,85,PRIVATE,3,64
1960,2024,93,PRIVATE,3,64
1960,2024,87,PRIVATE,3,64
1953,2024,75,PRIVATE,3,71
1965,2024,89,PRIVATE,11,59
1970,2023,89,PRIVATE,15,53
1970,2023,92,PRIVATE,4,53
1968,2023,82,PRIVATE,4,55
1993,2024,91,TCHC,8,31
1960,2024,88,PRIVATE,8,64
1960,2023,84,PRIVATE,8,63
1960,2023,87,PRIVATE,8,63
1960,2023,87,PRIVATE,7,63
1968,2024,85,PRIVATE,4,56
1960,2023,91,PRIVATE,4,63
1960,2023,91,PRIVATE,4,63
1958,2023,92,PRIVATE,4,65
1960,2024,86,PRIVATE,3,64
1958,2023,80,PRIVATE,4,65
1971,2023,93,PRIVATE,4,52
1955,2023,93,PRIVATE,4,68
1958,2023,75,PRIVATE,4,65
1958,2023,84,PRIVATE,4,65
1958,2023,80,PRIVATE,4,65
1960,2023,91,PRIVATE,4,63
1960,2024,90,PRIVATE,4,64
1950,2023,80,PRIVATE,3,73
1953,2024,92,PRIVATE,3,71
1950,2023,84,PRIVATE,3,73
1964,2024,88,PRIVATE,3,60
1973,2024,85,PRIVATE,3,51
1967,2024,85,PRIVATE,3,57
1955,2024,96,PRIVATE,4,69
1954,2023,77,PRIVATE,3,69
1954,2023,78,PRIVATE,3,69
1993,2024,85,TCHC,4,31
1970,2024,84,PRIVATE,4,54
1922,2023,64,PRIVATE,3,101
1962,2023,92,PRIVATE,6,61
1962,2024,95,PRIVATE,6,62
1950,2023,88,PRIVATE,3,73
1965,2023,91,PRIVATE,3,58
1950,2024,89,PRIVATE,3,74
1950,2023,92,PRIVATE,3,73
1956,2023,91,PRIVATE,3,67
1965,2023,90,PRIVATE,3,58
1959,2024,89,PRIVATE,3,65
1965,2023,93,PRIVATE,3,58
1965,2023,94,PRIVATE,3,58
1960,2023,86,PRIVATE,3,63
1950,2023,85,PRIVATE,3,73
1971,2023,89,PRIVATE,4,52
1971,2024,87,PRIVATE,4,53
1987,2024,92,SOCIAL HOUSING,7,37
1955,2023,92,PRIVATE,6,68
1960,2023,94,PRIVATE,6,63
1958,2023,80,PRIVATE,5,65
1949,2023,87,PRIVATE,4,74
1979,2023,95,PRIVATE,26,44
1972,2024,87,PRIVATE,30,52
1993,2024,97,TCHC,8,31
1960,2023,87,PRIVATE,3,63
1966,2023,80,PRIVATE,5,57
1956,2023,91,PRIVATE,4,67
1977,2023,88,PRIVATE,4,46
1987,2023,81,SOCIAL HOUSING,5,36
2016,2024,95,PRIVATE,7,8
1970,2023,68,PRIVATE,6,53
1992,2024,92,SOCIAL HOUSING,6,32
1968,2024,61,PRIVATE,20,56
1915,2023,90,PRIVATE,4,108
1986,2023,89,PRIVATE,5,37
1954,2023,93,PRIVATE,3,69
1954,2024,83,PRIVATE,3,70
1955,2023,95,PRIVATE,3,68
1954,2024,69,PRIVATE,3,70
1945,2024,71,PRIVATE,3,79
1954,2023,70,PRIVATE,3,69
1954,2024,88,PRIVATE,3,70
1953,2023,70,PRIVATE,3,70
1968,2023,88,TCHC,16,55
1968,2024,79,PRIVATE,16,56
1968,2023,81,PRIVATE,9,55
1960,2024,88,PRIVATE,9,64
1960,2023,83,PRIVATE,9,63
1930,2023,85,PRIVATE,4,93
1960,2023,91,PRIVATE,3,63
1960,2023,90,PRIVATE,3,63
1976,2023,95,PRIVATE,25,47
1969,2023,96,PRIVATE,21,54
1974,2024,93,PRIVATE,21,50
1970,2024,82,TCHC,20,54
1940,2024,92,PRIVATE,10,84
1980,2023,54,PRIVATE,4,43
1996,2023,89,PRIVATE,7,27
1930,2023,70,PRIVATE,3,93
1987,2023,83,TCHC,6,36
1940,2023,67,PRIVATE,3,83
1960,2023,74,PRIVATE,4,63
1954,2023,91,PRIVATE,7,69
1937,2024,90,TCHC,4,87
1990,2024,90,TCHC,4,34
1970,2024,90,TCHC,4,54
1950,2024,85,PRIVATE,4,74
1930,2023,89,PRIVATE,6,93
1928,2024,88,PRIVATE,3,96
1960,2023,88,PRIVATE,4,63
1929,2023,98,PRIVATE,5,94
1929,2024,99,PRIVATE,5,95
1955,2023,85,PRIVATE,12,68
1957,2023,84,PRIVATE,4,66
1957,2023,98,PRIVATE,4,66
1990,2023,88,TCHC,5,33
1940,2024,68,PRIVATE,4,84
1940,2024,83,PRIVATE,4,84
1964,2024,92,PRIVATE,8,60
1986,2023,89,TCHC,14,37
1970,2024,80,PRIVATE,12,54
1970,2023,97,PRIVATE,13,53
1963,2023,97,PRIVATE,18,60
1968,2024,92,PRIVATE,19,56
1968,2023,93,PRIVATE,7,55
1966,2023,86,PRIVATE,4,57
1965,2023,85,PRIVATE,11,58
1970,2023,97,PRIVATE,19,53
1972,2024,95,PRIVATE,18,52
1970,2024,95,PRIVATE,19,54
1970,2024,96,PRIVATE,18,54
1967,2023,90,PRIVATE,16,56
1967,2023,85,PRIVATE,22,56
1963,2023,91,PRIVATE,10,60
1964,2023,95,PRIVATE,8,59
1963,2024,95,PRIVATE,4,61
2023,2023,96,PRIVATE,12,0
1963,2024,92,PRIVATE,4,61
1961,2024,84,PRIVATE,4,63
1961,2024,87,PRIVATE,4,63
1963,2024,95,PRIVATE,7,61
1959,2024,93,PRIVATE,7,65
1965,2023,88,PRIVATE,8,58
2018,2023,94,TCHC,7,5
1965,2023,97,PRIVATE,4,58
1963,2024,100,PRIVATE,4,61
1967,2024,94,PRIVATE,6,57
1965,2023,90,PRIVATE,22,58
1968,2023,96,PRIVATE,13,55
1969,2023,98,PRIVATE,14,54
1986,2024,90,TCHC,8,38
1969,2024,69,TCHC,6,55
1957,2023,74,TCHC,3,66
1960,2024,85,PRIVATE,3,64
1975,2023,97,PRIVATE,23,48
1928,2023,88,PRIVATE,3,95
1963,2024,87,PRIVATE,4,61
1991,2024,96,SOCIAL HOUSING,11,33
1940,2024,93,PRIVATE,4,84
1920,2023,88,PRIVATE,4,103
2018,2024,97,PRIVATE,9,6
1947,2023,79,PRIVATE,3,76
1929,2023,92,PRIVATE,4,94
1929,2024,96,PRIVATE,3,95
1950,2023,81,PRIVATE,4,73
1977,2023,91,TCHC,9,46
1960,2024,86,PRIVATE,4,64
1955,2024,84,PRIVATE,3,69
1983,2024,92,TCHC,7,41
1920,2023,92,PRIVATE,3,103
1929,2023,89,SOCIAL HOUSING,4,94
1955,2023,76,PRIVATE,4,68
1955,2024,87,PRIVATE,4,69
1952,2024,68,PRIVATE,4,72
1920,2023,92,PRIVATE,4,103
1955,2023,82,PRIVATE,6,68
2009,2023,82,SOCIAL HOUSING,3,14
1930,2023,81,PRIVATE,3,93
1958,2023,80,PRIVATE,4,65
1955,2023,95,PRIVATE,6,68
1927,2024,90,PRIVATE,4,97
1938,2024,79,PRIVATE,4,86
1926,2023,80,PRIVATE,4,97
1934,2024,93,PRIVATE,4,90
1952,2024,91,PRIVATE,5,72
1940,2024,96,PRIVATE,3,84
1957,2023,88,PRIVATE,7,66
1955,2024,83,PRIVATE,4,69
1957,2024,84,PRIVATE,4,67
1977,2024,86,PRIVATE,4,47
1966,2023,75,PRIVATE,8,57
1990,2024,79,SOCIAL HOUSING,16,34
2017,2023,99,PRIVATE,29,6
2016,2023,99,PRIVATE,10,7
2016,2024,99,PRIVATE,10,8
1913,2024,87,PRIVATE,3,111
1900,2023,66,PRIVATE,3,123
1959,2023,92,PRIVATE,7,64
1960,2024,91,PRIVATE,3,64
1962,2024,87,PRIVATE,3,62
1954,2024,88,PRIVATE,3,70
1962,2023,99,PRIVATE,6,61
1964,2023,93,PRIVATE,6,59
1955,2024,92,PRIVATE,3,69
1977,2024,93,TCHC,10,47
1982,2024,97,PRIVATE,9,42
1982,2024,95,PRIVATE,9,42
1954,2024,89,PRIVATE,4,70
1956,2024,92,PRIVATE,4,68
1968,2024,85,PRIVATE,4,56
1954,2023,77,PRIVATE,4,69
1954,2023,81,PRIVATE,4,69
1960,2023,89,PRIVATE,4,63
1958,2024,99,PRIVATE,4,66
1954,2023,83,PRIVATE,4,69
1964,2023,90,PRIVATE,8,59
1987,2023,87,SOCIAL HOUSING,8,36
1954,2023,91,PRIVATE,4,69
1966,2023,83,PRIVATE,5,57
1958,2023,96,PRIVATE,5,65
1966,2023,98,PRIVATE,7,57
1968,2024,86,PRIVATE,4,56
1958,2024,92,PRIVATE,4,66
1958,2024,94,PRIVATE,4,66
1958,2024,95,PRIVATE,4,66
1962,2024,94,PRIVATE,6,62
1960,2024,93,PRIVATE,4,64
1963,2024,99,PRIVATE,7,61
1963,2023,100,PRIVATE,7,60
1961,2023,82,PRIVATE,7,62
1979,2024,92,PRIVATE,10,45
1959,2023,94,PRIVATE,4,64
1959,2024,93,PRIVATE,4,65
1964,2023,69,PRIVATE,12,59
1960,2024,78,PRIVATE,7,64
1961,2024,76,PRIVATE,3,63
1964,2024,93,PRIVATE,6,60
1964,2023,98,PRIVATE,6,59
1962,2024,79,PRIVATE,6,62
1960,2024,94,PRIVATE,7,64
1972,2024,95,PRIVATE,13,52
1971,2023,77,TCHC,15,52
1971,2023,77,TCHC,15,52
1972,2024,81,PRIVATE,6,52
2017,2024,90,PRIVATE,37,7
1960,2024,91,PRIVATE,3,64
1960,2023,87,PRIVATE,4,63
1960,2023,86,PRIVATE,4,63
1960,2024,90,PRIVATE,4,64
1967,2023,87,TCHC,11,56
1965,2023,91,PRIVATE,18,58
1965,2023,100,PRIVATE,7,58
1970,2023,83,PRIVATE,10,53
1960,2024,83,PRIVATE,8,64
1955,2024,80,PRIVATE,4,69
1960,2023,74,PRIVATE,3,63
1971,2024,87,PRIVATE,10,53
1966,2023,83,PRIVATE,15,57
1961,2023,74,PRIVATE,4,62
1960,2024,85,PRIVATE,13,64
1958,2023,84,PRIVATE,4,65
1920,2024,73,PRIVATE,4,104
1964,2024,89,PRIVATE,25,60
1960,2024,89,PRIVATE,15,64
1928,2024,95,PRIVATE,4,96
1954,2024,90,PRIVATE,3,70
1964,2023,86,TCHC,15,59
1965,2024,93,PRIVATE,7,59
1963,2023,87,PRIVATE,5,60
1968,2023,95,PRIVATE,13,55
1968,2023,94,PRIVATE,7,55
1971,2023,94,PRIVATE,7,52
1971,2023,94,PRIVATE,13,52
2022,2024,99,PRIVATE,16,2
1957,2023,79,PRIVATE,3,66
1956,2023,98,PRIVATE,3,67
1950,2023,87,PRIVATE,3,73
1975,2023,97,PRIVATE,3,48
1956,2024,87,PRIVATE,3,68
1957,2023,67,PRIVATE,3,66
1960,2023,87,PRIVATE,3,63
1965,2023,81,PRIVATE,3,58
1955,2024,94,PRIVATE,3,69
1960,2023,76,PRIVATE,3,63
1955,2023,84,PRIVATE,3,68
1950,2024,97,PRIVATE,3,74
1960,2023,90,PRIVATE,3,63
1950,2024,94,PRIVATE,3,74
1956,2023,69,PRIVATE,3,67
1956,2023,70,PRIVATE,3,67
1956,2024,66,PRIVATE,3,68
1956,2023,80,PRIVATE,3,67
1962,2024,90,PRIVATE,8,62
1963,2023,87,TCHC,6,60
1979,2023,95,PRIVATE,9,44
1929,2023,68,PRIVATE,5,94
1926,2023,89,PRIVATE,4,97
1963,2023,94,PRIVATE,12,60
1965,2024,79,PRIVATE,8,59
1960,2023,91,PRIVATE,8,63
1960,2023,93,PRIVATE,7,63
1968,2023,90,PRIVATE,28,55
1931,2024,89,PRIVATE,6,93
1928,2023,96,PRIVATE,3,95
1928,2023,99,PRIVATE,3,95
1928,2024,91,PRIVATE,3,96
1966,2023,91,PRIVATE,18,57
1970,2023,81,TCHC,29,53
1923,2023,98,PRIVATE,3,100
1963,2024,88,PRIVATE,7,61
1968,2024,79,PRIVATE,29,56
1968,2023,96,PRIVATE,32,55
1969,2023,88,PRIVATE,32,54
2023,2024,99,PRIVATE,13,1
2023,2024,98,PRIVATE,13,1
1960,2023,95,PRIVATE,15,63
1959,2024,90,TCHC,11,65
1965,2023,82,PRIVATE,18,58
1965,2024,92,PRIVATE,19,59
1952,2023,71,PRIVATE,3,71
1952,2024,69,PRIVATE,3,72
1952,2024,74,PRIVATE,3,72
1950,2023,75,PRIVATE,3,73
1953,2024,88,PRIVATE,3,71
1956,2023,81,PRIVATE,3,67
1956,2023,85,PRIVATE,3,67
1952,2024,58,PRIVATE,3,72
1958,2023,78,PRIVATE,3,65
1954,2023,85,PRIVATE,3,69
1995,2023,90,SOCIAL HOUSING,5,28
1957,2024,94,PRIVATE,3,67
1960,2023,85,PRIVATE,3,63
1951,2023,76,PRIVATE,3,72
1967,2023,82,PRIVATE,25,56
1967,2023,73,PRIVATE,25,56
1973,2023,88,TCHC,17,50
1970,2023,88,PRIVATE,12,53
1962,2024,88,PRIVATE,8,62
1962,2024,82,PRIVATE,8,62
1959,2023,92,PRIVATE,6,64
1961,2024,89,PRIVATE,6,63
1961,2024,82,PRIVATE,6,63
1967,2024,93,PRIVATE,19,57
1965,2024,80,PRIVATE,12,59
1962,2024,89,PRIVATE,9,62
1957,2024,90,PRIVATE,4,67
1960,2024,85,PRIVATE,3,64
1961,2024,85,PRIVATE,4,63
1960,2023,92,PRIVATE,8,63
1962,2024,93,PRIVATE,13,62
1963,2024,93,PRIVATE,10,61
1968,2024,80,PRIVATE,6,56
1972,2024,82,PRIVATE,27,52
1973,2024,85,PRIVATE,27,51
1984,2023,75,TCHC,18,39
1961,2023,89,PRIVATE,4,62
1960,2023,83,PRIVATE,4,63
1960,2024,96,PRIVATE,4,64
1972,2023,74,PRIVATE,27,51
1977,2023,92,PRIVATE,3,46
1977,2024,83,PRIVATE,3,47
1968,2024,86,PRIVATE,11,56
1968,2023,81,PRIVATE,11,55
1975,2024,91,PRIVATE,19,49
1975,2024,89,PRIVATE,18,49
1959,2023,86,PRIVATE,5,64
1973,2024,90,PRIVATE,15,51
1967,2023,97,PRIVATE,20,56
1970,2024,89,PRIVATE,27,54
1955,2023,42,PRIVATE,4,68
1983,2024,94,SOCIAL HOUSING,5,41
1960,2023,73,PRIVATE,4,63
1955,2023,95,PRIVATE,4,68
1960,2023,97,PRIVATE,3,63
1960,2024,87,PRIVATE,3,64
1960,2024,79,PRIVATE,3,64
1952,2023,80,PRIVATE,3,71
1940,2024,83,PRIVATE,3,84
1950,2023,79,PRIVATE,4,73
1956,2023,80,PRIVATE,4,67
1956,2023,89,PRIVATE,4,67
1952,2023,90,PRIVATE,3,71
1952,2024,89,PRIVATE,3,72
1952,2023,90,PRIVATE,3,71
1968,2023,91,PRIVATE,4,55
1970,2023,88,TCHC,8,53
1968,2023,89,TCHC,9,55
1953,2023,98,SOCIAL HOUSING,4,70
1964,2023,88,PRIVATE,6,59
1965,2024,92,PRIVATE,7,59
1930,2024,93,PRIVATE,7,94
1937,2023,77,PRIVATE,6,86
1926,2023,92,PRIVATE,4,97
1951,2023,96,PRIVATE,4,72
1951,2024,94,PRIVATE,4,73
1957,2023,79,PRIVATE,13,66
1971,2024,87,PRIVATE,8,53
1971,2023,90,PRIVATE,8,52
1973,2023,84,TCHC,12,50
1973,2024,82,TCHC,12,51
1970,2024,78,PRIVATE,20,54
1970,2024,83,PRIVATE,22,54
1964,2023,59,PRIVATE,7,59
1977,2024,81,SOCIAL HOUSING,11,47
1962,2024,93,PRIVATE,7,62
1958,2024,93,PRIVATE,3,66
1972,2024,76,PRIVATE,3,52
1950,2023,89,PRIVATE,3,73
1960,2023,89,PRIVATE,3,63
1955,2024,85,PRIVATE,6,69
1992,2023,98,SOCIAL HOUSING,5,31
1984,2023,88,TCHC,14,39
1969,2024,84,PRIVATE,28,55
1967,2023,95,PRIVATE,24,56
1960,2024,91,PRIVATE,3,64
1960,2023,93,PRIVATE,3,63
1962,2024,95,PRIVATE,7,62
1959,2023,90,PRIVATE,9,64
1959,2023,87,PRIVATE,7,64
1967,2023,95,PRIVATE,11,56
1956,2023,87,PRIVATE,9,67
1972,2023,79,TCHC,11,51
1974,2023,84,TCHC,13,49
1974,2023,82,TCHC,14,49
1940,2023,73,PRIVATE,3,83
1992,2024,99,SOCIAL HOUSING,8,32
1954,2023,71,PRIVATE,3,69
2003,2023,98,SOCIAL HOUSING,3,20
1959,2023,77,PRIVATE,3,64
1959,2024,57,PRIVATE,3,65
1958,2024,90,PRIVATE,3,66
1961,2024,90,PRIVATE,3,63
1967,2024,88,PRIVATE,3,57
1965,2023,73,PRIVATE,3,58
1958,2024,96,PRIVATE,3,66
1958,2024,89,PRIVATE,3,66
1967,2023,78,PRIVATE,13,56
1967,2023,80,PRIVATE,13,56
1969,2023,93,PRIVATE,20,54
1963,2024,87,PRIVATE,6,61
1963,2023,83,PRIVATE,7,60
1962,2023,82,PRIVATE,6,61
1960,2024,74,PRIVATE,6,64
1970,2023,89,PRIVATE,15,53
1962,2023,86,PRIVATE,4,61
1955,2023,90,TCHC,3,68
1955,2023,91,TCHC,3,68
1994,2023,87,SOCIAL HOUSING,8,29
1972,2023,77,TCHC,11,51
1955,2024,95,PRIVATE,4,69
1993,2024,94,SOCIAL HOUSING,4,31
1975,2023,96,TCHC,13,48
1974,2024,91,PRIVATE,18,50
1970,2024,85,TCHC,3,54
1959,2023,94,PRIVATE,3,64
1963,2024,94,PRIVATE,3,61
1969,2024,56,PRIVATE,4,55
1927,2023,58,PRIVATE,3,96
1925,2023,54,PRIVATE,3,98
1969,2023,92,PRIVATE,32,54
1969,2024,92,PRIVATE,32,55
1959,2023,87,PRIVATE,10,64
2005,2024,92,PRIVATE,10,19
1991,2024,85,SOCIAL HOUSING,4,33
1968,2024,83,PRIVATE,23,56
1968,2024,85,PRIVATE,19,56
2019,2023,94,PRIVATE,8,4
1994,2024,81,SOCIAL HOUSING,10,30
1910,2024,68,PRIVATE,4,114
2020,2024,92,PRIVATE,25,4
1969,2024,84,PRIVATE,21,55
1900,2023,88,SOCIAL HOUSING,7,123
1984,2023,98,TCHC,6,39
1988,2024,85,SOCIAL HOUSING,3,36
1993,2023,94,SOCIAL HOUSING,5,30
1995,2024,92,TCHC,5,29
1988,2024,90,SOCIAL HOUSING,4,36
1938,2023,79,PRIVATE,9,85
1970,2023,92,PRIVATE,4,53
1959,2023,86,PRIVATE,4,64
1960,2024,94,PRIVATE,5,64
1920,2024,79,PRIVATE,3,104
1920,2023,89,PRIVATE,4,103
1969,2023,100,PRIVATE,24,54
1930,2023,69,SOCIAL HOUSING,4,93
1900,2024,97,PRIVATE,3,124
1920,2023,91,PRIVATE,3,103
1989,2024,89,PRIVATE,3,35
1956,2024,88,PRIVATE,3,68
1982,2024,88,SOCIAL HOUSING,7,42
1986,2023,94,SOCIAL HOUSING,8,37
1921,2024,94,PRIVATE,3,103
1929,2023,71,PRIVATE,3,94
1929,2023,84,PRIVATE,3,94
1957,2024,76,PRIVATE,3,67
1930,2023,88,PRIVATE,4,93
1930,2023,89,PRIVATE,4,93
1930,2024,75,PRIVATE,4,94
1929,2024,75,PRIVATE,4,95
1940,2024,67,PRIVATE,4,84
1951,2024,51,PRIVATE,3,73
1974,2024,81,PRIVATE,18,50
1968,2023,91,PRIVATE,17,55
1967,2023,64,PRIVATE,9,56
1977,2023,91,PRIVATE,6,46
1960,2023,87,PRIVATE,10,63
1968,2024,86,PRIVATE,7,56
1960,2023,87,PRIVATE,7,63
1960,2023,74,PRIVATE,7,63
1955,2023,88,PRIVATE,7,68
1955,2024,89,PRIVATE,7,69
1955,2023,90,PRIVATE,4,68
1960,2023,92,PRIVATE,9,63
1956,2023,88,PRIVATE,4,67
1910,2024,93,SOCIAL HOUSING,5,114
1965,2024,94,PRIVATE,6,59
1967,2024,94,PRIVATE,7,57
1965,2023,93,PRIVATE,7,58
1959,2024,91,PRIVATE,8,65
1957,2024,84,PRIVATE,8,67
1960,2023,97,PRIVATE,11,63
1957,2024,93,PRIVATE,7,67
1965,2023,72,PRIVATE,11,58
1960,2024,96,PRIVATE,8,64
1963,2024,95,PRIVATE,11,61
1962,2023,91,PRIVATE,12,61
1955,2023,84,PRIVATE,3,68
1910,2023,89,PRIVATE,3,113
1910,2024,78,PRIVATE,3,114
1960,2023,89,PRIVATE,6,63
1955,2024,87,PRIVATE,4,69
1958,2023,97,PRIVATE,3,65
1965,2024,79,PRIVATE,9,59
1959,2024,90,PRIVATE,3,65
1960,2023,89,PRIVATE,4,63
1979,2023,96,PRIVATE,4,44
1961,2024,99,PRIVATE,4,63
1960,2024,83,PRIVATE,16,64
1960,2023,90,PRIVATE,16,63
1927,2023,82,PRIVATE,3,96
1915,2023,89,PRIVATE,3,108
1929,2023,87,PRIVATE,4,94
1930,2023,85,PRIVATE,3,93
1959,2024,95,PRIVATE,10,65
1965,2023,90,PRIVATE,7,58
1934,2023,91,PRIVATE,5,89
1957,2024,89,PRIVATE,13,67
1962,2023,93,PRIVATE,12,61
1955,2023,97,PRIVATE,4,68
1960,2024,93,PRIVATE,9,64
1953,2023,86,TCHC,8,70
1951,2024,85,PRIVATE,3,73
1962,2023,88,PRIVATE,3,61
1955,2024,89,PRIVATE,3,69
1957,2023,82,TCHC,3,66
1957,2023,71,TCHC,3,66
1966,2024,88,PRIVATE,16,58
1965,2023,96,PRIVATE,11,58
1960,2023,86,SOCIAL HOUSING,6,63
1990,2023,67,SOCIAL HOUSING,4,33
1948,2024,84,PRIVATE,3,76
1930,2024,77,PRIVATE,3,94
1930,2024,77,PRIVATE,3,94
1925,2023,76,PRIVATE,4,98
1923,2023,87,PRIVATE,4,100
1965,2023,71,PRIVATE,3,58
1905,2023,81,PRIVATE,3,118
1975,2024,78,PRIVATE,3,49
1928,2024,87,PRIVATE,3,96
1927,2024,87,PRIVATE,3,97
1920,2024,70,PRIVATE,3,104
1940,2024,87,SOCIAL HOUSING,4,84
1925,2023,89,PRIVATE,3,98
1930,2023,72,PRIVATE,3,93
1920,2023,69,PRIVATE,3,103
1920,2023,89,PRIVATE,4,103
1920,2023,80,PRIVATE,3,103
1932,2023,94,PRIVATE,4,91
1937,2024,94,PRIVATE,4,87
1920,2024,77,PRIVATE,3,104
1937,2023,93,PRIVATE,4,86
1957,2023,82,PRIVATE,3,66
1950,2024,84,PRIVATE,4,74
1970,2023,97,PRIVATE,6,53
1920,2023,65,PRIVATE,4,103
1920,2023,74,PRIVATE,4,103
1967,2023,85,PRIVATE,17,56
1964,2024,98,PRIVATE,4,60
1964,2023,85,PRIVATE,4,59
1964,2023,95,PRIVATE,4,59
1962,2024,84,PRIVATE,10,62
1960,2024,81,PRIVATE,12,64
1968,2023,80,PRIVATE,7,55
1952,2024,87,PRIVATE,7,72
1962,2024,83,PRIVATE,7,62
1960,2023,94,PRIVATE,7,63
1956,2024,90,PRIVATE,9,68
1964,2024,79,PRIVATE,8,60
1967,2023,78,PRIVATE,10,56
1968,2023,63,PRIVATE,11,55
1957,2024,91,PRIVATE,8,67
1955,2024,78,PRIVATE,9,69
1969,2023,87,PRIVATE,11,54
1958,2023,86,PRIVATE,10,65
1965,2024,86,PRIVATE,9,59
1971,2023,76,PRIVATE,10,52
1967,2023,88,PRIVATE,15,56
1927,2023,93,PRIVATE,4,96
1994,2023,84,TCHC,5,29
1920,2023,86,PRIVATE,6,103
1965,2024,92,PRIVATE,25,59
1982,2024,82,PRIVATE,15,42
1980,2024,92,TCHC,12,44
2017,2023,100,PRIVATE,26,6
1926,2024,91,PRIVATE,4,98
1964,2024,92,PRIVATE,9,60
1964,2024,89,PRIVATE,9,60
1970,2024,97,PRIVATE,12,54
1973,2024,92,PRIVATE,15,51
1960,2023,98,PRIVATE,8,63
1968,2023,88,PRIVATE,5,55
1967,2023,93,TCHC,6,56
1958,2023,96,PRIVATE,3,65
1960,2024,89,PRIVATE,3,64
1971,2024,75,PRIVATE,15,53
1960,2023,88,PRIVATE,10,63
1960,2023,79,PRIVATE,3,63
1970,2024,95,PRIVATE,17,54
1954,2024,82,PRIVATE,4,70
1966,2024,78,TCHC,11,58
1950,2023,79,PRIVATE,3,73
1964,2024,83,PRIVATE,3,60
1964,2024,79,PRIVATE,3,60
1965,2024,80,PRIVATE,5,59
1965,2023,98,PRIVATE,3,58
1965,2023,98,PRIVATE,3,58
1965,2024,99,PRIVATE,3,59
1965,2023,98,PRIVATE,3,58
1968,2023,94,PRIVATE,20,55
1970,2024,90,PRIVATE,20,54
1960,2023,90,PRIVATE,13,63
1972,2024,96,PRIVATE,5,52
1968,2023,89,PRIVATE,12,55
1968,2023,86,PRIVATE,4,55
1987,2023,94,SOCIAL HOUSING,4,36
2010,2023,95,PRIVATE,10,13
1962,2023,94,PRIVATE,7,61
2010,2024,88,PRIVATE,14,14
2005,2024,90,PRIVATE,9,19
1966,2023,85,PRIVATE,16,57
1966,2024,96,PRIVATE,14,58
1979,2023,92,PRIVATE,13,44
1960,2024,59,PRIVATE,3,64
1927,2024,90,PRIVATE,4,97
1967,2024,87,SOCIAL HOUSING,22,57
1973,2024,91,PRIVATE,24,51
1957,2024,95,PRIVATE,3,67
2022,2024,100,PRIVATE,20,2
1927,2023,88,PRIVATE,4,96
1925,2023,88,PRIVATE,4,98
1927,2023,91,PRIVATE,4,96
1923,2024,92,PRIVATE,4,101
1923,2023,75,PRIVATE,4,100
1920,2024,88,PRIVATE,5,104
1930,2024,100,PRIVATE,4,94
1957,2024,90,PRIVATE,6,67
1963,2023,87,PRIVATE,4,60
1957,2023,90,PRIVATE,3,66
1957,2024,90,PRIVATE,3,67
1993,2023,74,TCHC,4,30
1952,2024,98,PRIVATE,3,72
2013,2024,91,PRIVATE,8,11
1920,2023,75,PRIVATE,4,103
1970,2024,84,PRIVATE,3,54
1954,2023,95,PRIVATE,4,69
1932,2023,86,PRIVATE,4,91
1932,2024,93,PRIVATE,4,92
1954,2023,93,PRIVATE,4,69
1954,2023,95,PRIVATE,4,69
1954,2024,92,PRIVATE,4,70
1954,2024,93,PRIVATE,4,70
1954,2023,96,PRIVATE,4,69
1954,2024,94,PRIVATE,4,70
1954,2024,93,PRIVATE,4,70
1996,2024,81,SOCIAL HOUSING,3,28
1915,2024,45,PRIVATE,3,109
1910,2023,78,SOCIAL HOUSING,4,113
1917,2024,83,PRIVATE,3,107
1912,2023,77,PRIVATE,3,111
1900,2024,83,PRIVATE,3,124
1900,2023,77,PRIVATE,6,123
1922,2024,85,PRIVATE,4,102
1950,2024,90,PRIVATE,3,74
1994,2023,84,TCHC,16,29
1987,2024,98,PRIVATE,19,37
1987,2024,98,PRIVATE,21,37
1988,2024,80,TCHC,6,36
1990,2024,82,TCHC,7,34
1970,2024,78,PRIVATE,7,54
1953,2024,88,PRIVATE,4,71
1953,2023,83,PRIVATE,4,70
1953,2023,96,PRIVATE,4,70
1951,2024,76,PRIVATE,3,73
1959,2024,75,SOCIAL HOUSING,3,65
1959,2024,85,PRIVATE,3,65
1959,2023,88,PRIVATE,3,64
1970,2023,96,PRIVATE,15,53
1969,2024,82,PRIVATE,22,55
1966,2024,81,PRIVATE,16,58
1969,2024,81,PRIVATE,15,55
1972,2023,92,PRIVATE,4,51
1973,2024,75,PRIVATE,17,51
1966,2023,84,PRIVATE,24,57
1959,2024,94,PRIVATE,4,65
1955,2023,96,PRIVATE,5,68
1960,2023,86,PRIVATE,4,63
1954,2023,94,PRIVATE,4,69
1954,2023,99,PRIVATE,6,69
1954,2024,86,PRIVATE,4,70
1960,2023,95,PRIVATE,5,63
1960,2023,94,PRIVATE,3,63
1970,2024,91,PRIVATE,13,54
1963,2023,84,PRIVATE,6,60
1977,2024,91,PRIVATE,13,47
1967,2023,92,PRIVATE,14,56
1974,2023,91,PRIVATE,7,49
2011,2024,82,SOCIAL HOUSING,18,13
1975,2024,91,PRIVATE,17,49
1971,2023,79,PRIVATE,13,52
1960,2024,90,PRIVATE,14,64
1970,2024,98,PRIVATE,13,54
1970,2024,94,PRIVATE,14,54
1971,2023,81,TCHC,15,52
1970,2024,92,TCHC,12,54
1967,2024,93,PRIVATE,14,57
1974,2023,92,PRIVATE,15,49
1973,2024,79,PRIVATE,9,51
1975,2023,74,PRIVATE,13,48
1967,2024,89,PRIVATE,3,57
1967,2023,85,PRIVATE,3,56
1963,2024,86,PRIVATE,3,61
1963,2023,82,PRIVATE,3,60
2009,2024,97,SOCIAL HOUSING,6,15
1994,2023,86,TCHC,7,29
1929,2023,86,PRIVATE,6,94
1992,2024,81,SOCIAL HOUSING,9,32
1995,2024,90,TCHC,10,29
1960,2023,80,PRIVATE,4,63
1928,2023,89,PRIVATE,3,95
1960,2023,89,PRIVATE,9,63
1960,2024,85,PRIVATE,7,64
1928,2023,99,PRIVATE,3,95
1991,2024,77,TCHC,10,33
1900,2023,76,PRIVATE,3,123
1954,2023,91,PRIVATE,3,69
1955,2024,86,PRIVATE,8,69
1969,2023,68,TCHC,42,54
1965,2023,79,PRIVATE,7,58
1958,2024,64,PRIVATE,4,66
1967,2023,94,PRIVATE,18,56
1973,2023,98,PRIVATE,36,50
1974,2023,93,PRIVATE,31,49
1979,2023,88,TCHC,19,44
1979,2024,94,TCHC,13,45
1974,2023,85,PRIVATE,22,49
1962,2024,90,TCHC,19,62
1969,2024,92,PRIVATE,16,55
1930,2024,88,PRIVATE,3,94
1948,2023,78,PRIVATE,3,75
1989,2023,97,TCHC,4,34
1890,2023,77,PRIVATE,3,133
1896,2024,85,PRIVATE,4,128
1907,2023,90,PRIVATE,3,116
2019,2023,98,PRIVATE,6,4
1974,2024,88,PRIVATE,5,50
1969,2023,85,PRIVATE,9,54
1970,2024,85,PRIVATE,24,54
1971,2023,84,PRIVATE,29,52
1923,2023,99,PRIVATE,3,100
1920,2023,97,PRIVATE,4,103
1909,2023,97,PRIVATE,4,114
1927,2023,95,PRIVATE,4,96
1928,2023,96,PRIVATE,4,95
1930,2023,90,PRIVATE,4,93
1930,2023,87,PRIVATE,3,93
1967,2024,85,PRIVATE,9,57
1960,2023,85,PRIVATE,7,63
1928,2023,68,PRIVATE,4,95
1960,2024,96,PRIVATE,4,64
1967,2023,86,PRIVATE,13,56
1965,2023,93,PRIVATE,6,58
1967,2023,86,PRIVATE,23,56
1963,2024,90,PRIVATE,9,61
1960,2024,65,PRIVATE,3,64
1967,2024,90,PRIVATE,3,57
1957,2024,83,PRIVATE,3,67
1957,2023,81,PRIVATE,3,66
1957,2023,82,PRIVATE,3,66
1994,2023,92,TCHC,6,29
1992,2023,94,TCHC,9,31
1959,2024,93,PRIVATE,4,65
1950,2023,88,PRIVATE,4,73
1955,2024,94,PRIVATE,4,69
1955,2023,96,PRIVATE,4,68
1959,2023,85,PRIVATE,4,64
1955,2024,94,PRIVATE,4,69
1952,2024,90,PRIVATE,7,72
1959,2023,90,PRIVATE,4,64
1962,2024,88,TCHC,8,62
1968,2023,93,PRIVATE,16,55
1965,2024,90,PRIVATE,16,59
1985,2023,89,SOCIAL HOUSING,7,38
1959,2023,90,PRIVATE,7,64
1975,2023,75,SOCIAL HOUSING,6,48
1960,2023,97,PRIVATE,6,63
1960,2024,97,PRIVATE,7,64
1964,2023,74,PRIVATE,18,59
1959,2024,92,PRIVATE,6,65
1962,2023,82,PRIVATE,6,61
1965,2023,73,PRIVATE,20,58
1964,2023,88,PRIVATE,6,59
1966,2024,89,PRIVATE,25,58
1968,2024,84,PRIVATE,20,56
1960,2024,96,PRIVATE,6,64
1960,2024,97,PRIVATE,6,64
1968,2023,94,PRIVATE,20,55
1960,2023,88,PRIVATE,6,63
1960,2024,100,PRIVATE,6,64
1960,2023,93,PRIVATE,6,63
1967,2023,72,PRIVATE,20,56
1966,2024,95,PRIVATE,21,58
1966,2023,88,PRIVATE,17,57
1966,2023,86,PRIVATE,17,57
1971,2023,83,PRIVATE,43,52
1971,2024,92,PRIVATE,43,53
1960,2023,86,PRIVATE,3,63
2021,2024,97,SOCIAL HOUSING,18,3
1982,2024,97,SOCIAL HOUSING,19,42
1938,2023,83,PRIVATE,4,85
1954,2023,17,PRIVATE,3,69
1966,2023,83,PRIVATE,7,57
2018,2024,94,PRIVATE,31,6
1940,2023,94,PRIVATE,3,83
1979,2023,91,TCHC,7,44
1992,2024,74,TCHC,4,32
1958,2024,90,PRIVATE,4,66
1996,2023,87,SOCIAL HOUSING,11,27
1958,2024,86,PRIVATE,4,66
1955,2023,90,PRIVATE,4,68
1957,2023,92,PRIVATE,3,66
1960,2023,95,PRIVATE,4,63
1959,2023,82,PRIVATE,9,64
1961,2024,95,PRIVATE,6,63
1961,2024,95,PRIVATE,9,63
1992,2024,73,SOCIAL HOUSING,7,32
1957,2024,74,PRIVATE,3,67
1955,2024,69,PRIVATE,3,69
1958,2024,82,PRIVATE,3,66
2002,2024,83,PRIVATE,3,22
1957,2024,82,PRIVATE,4,67
1957,2023,78,PRIVATE,4,66
1954,2024,67,PRIVATE,3,70
1950,2023,79,PRIVATE,3,73
1960,2024,81,PRIVATE,3,64
1954,2023,92,PRIVATE,3,69
1958,2023,89,PRIVATE,3,65
1953,2024,83,PRIVATE,3,71
1928,2024,89,PRIVATE,4,96
1965,2023,98,PRIVATE,18,58
1928,2023,89,PRIVATE,3,95
1962,2023,86,PRIVATE,3,61
1951,2024,95,PRIVATE,3,73
1920,2024,91,PRIVATE,4,104
1982,2024,94,PRIVATE,11,42
1920,2024,76,PRIVATE,4,104
1992,2024,88,SOCIAL HOUSING,10,32
1968,2023,95,PRIVATE,17,55
1977,2023,82,PRIVATE,15,46
1970,2023,93,PRIVATE,12,53
1967,2023,91,PRIVATE,19,56
1900,2024,69,PRIVATE,4,124
1965,2023,92,PRIVATE,13,58
1959,2024,74,PRIVATE,10,65
1965,2024,92,PRIVATE,13,59
1965,2023,94,PRIVATE,10,58
1960,2023,97,PRIVATE,6,63
1955,2023,65,PRIVATE,6,68
1960,2023,85,PRIVATE,7,63
1967,2023,91,PRIVATE,18,56
1966,2024,86,PRIVATE,4,58
1965,2023,79,PRIVATE,4,58
1984,2024,88,PRIVATE,23,40
1980,2024,90,PRIVATE,23,44
2011,2024,95,PRIVATE,22,13
1972,2024,79,PRIVATE,11,52
1973,2023,95,PRIVATE,15,50
1972,2024,89,PRIVATE,20,52
1967,2024,99,PRIVATE,18,57
1965,2023,91,PRIVATE,28,58
1967,2023,72,PRIVATE,18,56
1951,2023,89,PRIVATE,4,72
1957,2024,87,PRIVATE,4,67
1992,2023,87,SOCIAL HOUSING,8,31
2006,2023,83,TCHC,3,17
1969,2024,89,PRIVATE,14,55
1955,2024,99,PRIVATE,4,69
1965,2024,81,PRIVATE,17,59
2022,2023,97,PRIVATE,39,1
2008,2023,96,PRIVATE,8,15
1955,2023,99,PRIVATE,8,68
1996,2023,90,SOCIAL HOUSING,4,27
1957,2024,96,TCHC,3,67
2019,2024,76,SOCIAL HOUSING,4,5
1957,2023,85,TCHC,4,66
1957,2024,98,TCHC,4,67
1969,2023,94,PRIVATE,6,54
1965,2024,86,PRIVATE,6,59
1969,2023,97,PRIVATE,11,54
1969,2024,92,PRIVATE,11,55
1990,2024,80,TCHC,8,34
2003,2024,81,PRIVATE,10,21
1970,2023,95,PRIVATE,13,53
1969,2024,82,PRIVATE,19,55
1970,2024,93,PRIVATE,3,54
1957,2024,87,PRIVATE,3,67
1970,2024,93,PRIVATE,3,54
1970,2023,61,PRIVATE,3,53
1968,2023,98,PRIVATE,7,55
1950,2024,68,PRIVATE,3,74
1958,2024,78,PRIVATE,3,66
1965,2023,100,PRIVATE,7,58
1965,2023,93,PRIVATE,7,58
1959,2023,93,PRIVATE,9,64
1962,2024,94,PRIVATE,18,62
1957,2023,96,PRIVATE,9,66
1965,2023,91,PRIVATE,6,58
1992,2024,87,TCHC,7,32
1960,2023,87,PRIVATE,3,63
1960,2023,87,PRIVATE,3,63
1963,2023,94,PRIVATE,10,60
1965,2024,88,PRIVATE,10,59
1956,2024,92,PRIVATE,4,68
1957,2023,88,PRIVATE,5,66
1963,2024,87,PRIVATE,11,61
1961,2024,94,PRIVATE,4,63
1961,2023,95,PRIVATE,4,62
1985,2024,89,SOCIAL HOUSING,6,39
1983,2023,89,SOCIAL HOUSING,8,40
1959,2023,99,PRIVATE,4,64
1965,2023,84,PRIVATE,4,58
1959,2023,99,PRIVATE,4,64
1950,2023,82,PRIVATE,3,73
1954,2024,83,PRIVATE,3,70
1950,2023,69,PRIVATE,3,73
1950,2023,86,PRIVATE,3,73
1960,2023,82,PRIVATE,3,63
1950,2023,84,PRIVATE,3,73
1958,2024,86,PRIVATE,3,66
1967,2024,83,PRIVATE,8,57
1977,2023,84,PRIVATE,12,46
1955,2023,79,PRIVATE,3,68
1955,2023,83,PRIVATE,3,68
1954,2024,93,PRIVATE,4,70
1958,2023,74,PRIVATE,4,65
1958,2024,80,PRIVATE,3,66
1955,2024,83,PRIVATE,4,69
1950,2023,90,PRIVATE,3,73
1956,2023,78,PRIVATE,3,67
1955,2024,95,PRIVATE,3,69
1984,2023,68,PRIVATE,3,39
1954,2023,91,PRIVATE,3,69
1965,2023,96,PRIVATE,3,58
1954,2024,84,PRIVATE,3,70
1968,2024,87,PRIVATE,3,56
1958,2024,93,PRIVATE,3,66
1953,2024,82,PRIVATE,3,71
1955,2024,82,PRIVATE,3,69
1955,2023,88,PRIVATE,3,68
1968,2024,82,PRIVATE,12,56
1960,2023,92,PRIVATE,12,63
1971,2023,93,PRIVATE,12,52
1970,2024,78,PRIVATE,7,54
1972,2024,86,PRIVATE,7,52
1962,2024,84,PRIVATE,4,62
1981,2023,96,SOCIAL HOUSING,7,42
2008,2023,98,TCHC,4,15
1965,2023,84,PRIVATE,4,58
1940,2023,91,PRIVATE,3,83
1962,2023,96,PRIVATE,11,61
1964,2024,91,PRIVATE,12,60
1978,2023,78,PRIVATE,3,45
1900,2023,83,PRIVATE,3,123
1960,2023,91,PRIVATE,8,63
1991,2023,91,TCHC,11,32
1994,2024,95,SOCIAL HOUSING,4,30
1965,2023,99,PRIVATE,15,58
1993,2023,95,SOCIAL HOUSING,5,30
2019,2024,91,PRIVATE,17,5
1980,2024,85,TCHC,5,44
1960,2023,81,TCHC,3,63
1980,2024,85,TCHC,10,44
1999,2023,96,PRIVATE,5,24
1965,2024,92,PRIVATE,10,59
1962,2023,87,PRIVATE,4,61
1959,2023,95,PRIVATE,5,64
1959,2023,96,PRIVATE,5,64
1961,2023,96,TCHC,3,62
1950,2023,89,SOCIAL HOUSING,3,73
1953,2023,86,PRIVATE,4,70
1957,2023,96,PRIVATE,3,66
1960,2023,85,PRIVATE,5,63
1958,2024,96,PRIVATE,4,66
1958,2023,95,PRIVATE,4,65
1961,2024,92,PRIVATE,7,63
1958,2023,94,PRIVATE,4,65
1955,2024,86,PRIVATE,4,69
1957,2023,87,PRIVATE,4,66
1957,2023,91,PRIVATE,4,66
1963,2023,96,PRIVATE,9,60
1962,2023,96,PRIVATE,13,61
1963,2024,95,PRIVATE,9,61
1962,2023,99,PRIVATE,12,61
1950,2024,75,PRIVATE,3,74
1960,2024,98,PRIVATE,3,64
1960,2024,90,PRIVATE,3,64
1960,2023,78,PRIVATE,3,63
1964,2023,96,PRIVATE,13,59
1965,2024,94,PRIVATE,12,59
2019,2024,93,PRIVATE,36,5
1928,2024,88,PRIVATE,4,96
1989,2024,85,PRIVATE,11,35
1961,2024,88,PRIVATE,14,63
1973,2023,98,PRIVATE,20,50
1963,2024,91,PRIVATE,12,61
1960,2023,96,PRIVATE,4,63
1960,2023,93,PRIVATE,4,63
1963,2023,92,PRIVATE,7,60
1962,2023,84,PRIVATE,6,61
1966,2023,89,PRIVATE,8,57
1966,2024,89,PRIVATE,8,58
1960,2024,87,PRIVATE,7,64
1969,2024,80,PRIVATE,7,55
1972,2024,95,PRIVATE,16,52
1983,2023,91,TCHC,12,40
1997,2023,87,SOCIAL HOUSING,7,26
1993,2024,96,SOCIAL HOUSING,9,31
1993,2023,89,TCHC,7,30
2006,2023,91,TCHC,7,17
1961,2023,91,PRIVATE,4,62
1966,2023,95,PRIVATE,17,57
1977,2023,77,PRIVATE,4,46
1977,2024,83,PRIVATE,4,47
1970,2024,78,PRIVATE,4,54
1962,2023,88,PRIVATE,3,61
1952,2023,89,PRIVATE,4,71
1955,2023,89,PRIVATE,4,68
1954,2024,86,PRIVATE,4,70
1970,2024,85,PRIVATE,4,54
1954,2024,86,PRIVATE,3,70
1952,2024,67,PRIVATE,4,72
1970,2023,82,PRIVATE,4,53
1951,2024,56,PRIVATE,3,73
1953,2024,84,PRIVATE,3,71
1960,2024,91,PRIVATE,3,64
1965,2024,87,PRIVATE,4,59
1962,2023,94,PRIVATE,4,61
1950,2023,93,PRIVATE,4,73
1955,2023,80,PRIVATE,3,68
1972,2023,74,PRIVATE,3,51
1957,2023,72,PRIVATE,3,66
1963,2023,86,PRIVATE,3,60
1945,2024,89,PRIVATE,3,79
1955,2024,88,PRIVATE,3,69
1969,2024,80,PRIVATE,3,55
1960,2023,82,PRIVATE,3,63
1955,2024,78,PRIVATE,3,69
1959,2024,77,PRIVATE,3,65
1950,2024,58,PRIVATE,3,74
1968,2023,71,PRIVATE,3,55
1954,2023,88,PRIVATE,3,69
1960,2023,92,PRIVATE,3,63
1965,2023,75,PRIVATE,4,58
1954,2024,84,PRIVATE,3,70
1952,2023,76,PRIVATE,3,71
1954,2023,77,PRIVATE,4,69
1955,2024,72,PRIVATE,4,69
1959,2024,87,PRIVATE,3,65
1963,2024,81,PRIVATE,4,61
1965,2023,89,PRIVATE,11,58
1967,2024,85,PRIVATE,9,57
1965,2024,100,PRIVATE,3,59
1967,2024,79,PRIVATE,13,57
1965,2023,88,PRIVATE,5,58
1950,2024,85,PRIVATE,13,74
2005,2023,95,SOCIAL HOUSING,3,18
1960,2023,81,PRIVATE,6,63
1960,2024,96,PRIVATE,6,64
1955,2023,94,PRIVATE,6,68
1960,2023,82,PRIVATE,6,63
1974,2023,96,PRIVATE,19,49
1950,2023,81,PRIVATE,3,73
1950,2024,84,PRIVATE,4,74
1960,2024,89,PRIVATE,3,64
1960,2023,82,PRIVATE,3,63
1950,2024,85,PRIVATE,3,74
1947,2024,81,PRIVATE,3,77
1939,2023,67,PRIVATE,3,84
1982,2023,96,SOCIAL HOUSING,10,41
1964,2024,91,PRIVATE,6,60
1964,2024,92,PRIVATE,6,60
1960,2024,94,PRIVATE,6,64
1970,2024,88,PRIVATE,6,54
2019,2023,96,PRIVATE,27,4
1952,2023,82,PRIVATE,3,71
1930,2023,84,PRIVATE,3,93
1976,2024,64,PRIVATE,16,48
1972,2023,91,PRIVATE,16,51
1971,2023,85,TCHC,13,52
1964,2023,90,PRIVATE,13,59
1964,2024,95,PRIVATE,15,60
1963,2024,96,PRIVATE,11,61
1970,2023,88,PRIVATE,12,53
2015,2023,99,PRIVATE,16,8
1990,2024,87,TCHC,9,34
1967,2023,84,PRIVATE,4,56
1977,2024,91,SOCIAL HOUSING,11,47
1940,2023,89,PRIVATE,3,83
1967,2024,71,PRIVATE,4,57
1969,2024,71,PRIVATE,3,55
1940,2024,65,PRIVATE,3,84
1914,2023,79,PRIVATE,4,109
1918,2023,90,PRIVATE,4,105
1920,2024,89,PRIVATE,4,104
1930,2023,89,PRIVATE,4,93
1960,2023,84,PRIVATE,4,63
1964,2023,91,PRIVATE,15,59
1945,2023,66,PRIVATE,4,78
1945,2024,80,PRIVATE,4,79
1956,2023,89,PRIVATE,4,67
1955,2023,93,PRIVATE,9,68
1969,2024,92,PRIVATE,28,55
1969,2023,91,PRIVATE,23,54
1950,2024,87,PRIVATE,3,74
1954,2023,96,PRIVATE,4,69
1963,2024,93,PRIVATE,9,61
1965,2023,87,PRIVATE,9,58
1938,2024,94,PRIVATE,4,86
1956,2023,89,PRIVATE,12,67
1938,2023,81,PRIVATE,4,85
1938,2024,92,PRIVATE,4,86
1986,2024,85,SOCIAL HOUSING,15,38
1955,2024,93,PRIVATE,4,69
1960,2024,94,PRIVATE,4,64
1964,2024,92,PRIVATE,4,60
1972,2023,76,TCHC,24,51
1969,2024,92,PRIVATE,11,55
1964,2024,88,PRIVATE,3,60
1950,2023,83,PRIVATE,3,73
1960,2023,87,PRIVATE,3,63
1959,2024,80,PRIVATE,3,65
1960,2024,82,PRIVATE,3,64
1960,2024,75,PRIVATE,3,64
1962,2023,87,PRIVATE,3,61
1954,2023,90,PRIVATE,3,69
1950,2023,100,PRIVATE,3,73
1994,2024,98,SOCIAL HOUSING,7,30
1978,2023,98,PRIVATE,16,45
1989,2024,97,TCHC,8,35
1974,2024,97,PRIVATE,17,50
1973,2024,76,TCHC,4,51
1973,2024,78,TCHC,4,51
1973,2024,84,TCHC,4,51
1973,2023,81.1,TCHC,4,50
1956,2023,98,PRIVATE,7,67
1967,2024,91,PRIVATE,9,57
1994,2023,86,SOCIAL HOUSING,4,29
1970,2023,81,TCHC,3,53
1962,2023,77,PRIVATE,3,61
1972,2023,77,PRIVATE,9,51
1958,2023,86,PRIVATE,4,65
2016,2023,99,PRIVATE,8,7
1955,2024,93,PRIVATE,4,69
1955,2024,89,PRIVATE,4,69
1958,2024,90,PRIVATE,4,66
1992,2024,94,SOCIAL HOUSING,5,32
1965,2024,80,TCHC,7,59
1965,2024,84,TCHC,11,59
1965,2024,83,TCHC,7,59
1927,2023,81,PRIVATE,3,96
1961,2023,86,PRIVATE,4,62
1967,2023,81,PRIVATE,4,56
1955,2024,95,PRIVATE,3,69
1971,2023,93,PRIVATE,6,52
1969,2023,87,TCHC,11,54
1957,2024,93,PRIVATE,4,67
1958,2023,92,PRIVATE,6,65
1958,2023,86,PRIVATE,6,65
1957,2023,94,PRIVATE,4,66
1965,2024,85,PRIVATE,14,59
1960,2023,92,PRIVATE,5,63
1969,2024,95,PRIVATE,5,55
1969,2023,86,PRIVATE,5,54
1971,2024,87,TCHC,15,53
1957,2024,92,PRIVATE,4,67
1961,2023,95,PRIVATE,5,62
1961,2023,96,PRIVATE,5,62
1965,2024,89,PRIVATE,9,59
1972,2023,91,TCHC,10,51
1972,2023,92,PRIVATE,14,51
1960,2024,81,PRIVATE,6,64
1973,2024,95,PRIVATE,13,51
1957,2024,90,PRIVATE,4,67
1965,2024,74,PRIVATE,3,59
1960,2024,82,PRIVATE,3,64
1993,2024,87,TCHC,8,31
1955,2024,78,PRIVATE,3,69
1983,2023,96,TCHC,10,40
1968,2024,96,PRIVATE,19,56
2010,2024,99,PRIVATE,13,14
1913,2023,72,PRIVATE,3,110
1965,2023,85,PRIVATE,16,58
1960,2023,94,PRIVATE,3,63
1978,2023,90,PRIVATE,19,45
1983,2024,87,TCHC,11,41
1918,2024,83,SOCIAL HOUSING,4,106
1989,2024,73,PRIVATE,3,35
1985,2023,90,TCHC,15,38
1991,2024,76,SOCIAL HOUSING,10,33
1957,2024,87,PRIVATE,4,67
1965,2024,79,PRIVATE,4,59
1958,2024,96,PRIVATE,8,66
1959,2023,90,PRIVATE,5,64
1988,2023,94,SOCIAL HOUSING,9,35
1953,2023,90,PRIVATE,6,70
1965,2024,96,PRIVATE,9,59
1960,2024,64,PRIVATE,9,64
1960,2023,92,PRIVATE,7,63
1965,2023,84,PRIVATE,3,58
1959,2023,80,PRIVATE,7,64
1955,2023,95,PRIVATE,7,68
1974,2023,87,TCHC,17,49
1960,2023,96,PRIVATE,5,63
1974,2024,84,PRIVATE,5,50
1972,2023,97,PRIVATE,9,51
1969,2023,70,PRIVATE,7,54
1960,2024,90,PRIVATE,7,64
2005,2023,96,PRIVATE,7,18
1960,2024,94,PRIVATE,3,64
1955,2023,90,PRIVATE,3,68
1957,2024,84,PRIVATE,3,67
1955,2023,89,PRIVATE,3,68
1955,2023,84,PRIVATE,3,68
2006,2023,99,PRIVATE,4,17
1949,2023,82,PRIVATE,3,74
1949,2023,88,PRIVATE,3,74
1951,2023,83,PRIVATE,3,72
1949,2024,84,PRIVATE,3,75
1953,2024,76,PRIVATE,3,71
1923,2024,83,TCHC,3,101
2006,2023,81,TCHC,3,17
1948,2023,81,TCHC,3,75
1950,2024,90,PRIVATE,3,74
1952,2023,87,PRIVATE,3,71
1952,2024,85,PRIVATE,3,72
2012,2023,100,PRIVATE,26,11
2011,2024,100,PRIVATE,21,13
1950,2023,79,PRIVATE,4,73
1965,2023,88,PRIVATE,5,58
1950,2023,91,PRIVATE,7,73
1965,2024,91,PRIVATE,7,59
1958,2024,96,PRIVATE,4,66
1960,2023,83,PRIVATE,5,63
1959,2024,82,PRIVATE,3,65
1970,2023,96,PRIVATE,4,53
1967,2024,75,TCHC,10,57
1968,2024,87,PRIVATE,18,56
1968,2024,90,PRIVATE,18,56
1968,2023,91,PRIVATE,24,55
1970,2023,89,PRIVATE,24,53
1971,2024,91,TCHC,25,53
1971,2024,84,TCHC,24,53
1931,2023,99,PRIVATE,4,92
1960,2024,93,PRIVATE,7,64
1950,2024,87,PRIVATE,4,74
1950,2023,90,PRIVATE,4,73
1950,2024,89,PRIVATE,4,74
1989,2023,92,SOCIAL HOUSING,4,34
1961,2023,85,PRIVATE,6,62
1961,2023,75,PRIVATE,6,62
1954,2023,90,PRIVATE,6,69
1967,2024,92,PRIVATE,7,57
1961,2024,91,PRIVATE,6,63
1965,2024,97,PRIVATE,4,59
1960,2023,89,PRIVATE,4,63
1961,2023,77,PRIVATE,7,62
1960,2024,91,PRIVATE,18,64
1956,2023,80,PRIVATE,3,67
1950,2023,90,PRIVATE,4,73
1955,2024,81,PRIVATE,3,69
1962,2024,89,TCHC,3,62
1994,2023,93,SOCIAL HOUSING,12,29
1974,2023,95,PRIVATE,27,49
2014,2023,97,TCHC,8,9
1987,2023,81,SOCIAL HOUSING,3,36
1972,2024,88,PRIVATE,14,52
1920,2024,90,SOCIAL HOUSING,3,104
1890,2024,89,PRIVATE,4,134
1976,2024,94,SOCIAL HOUSING,11,48
1916,2024,78,PRIVATE,3,108
1967,2024,98,PRIVATE,7,57
1992,2024,93,TCHC,6,32
1917,2023,87,PRIVATE,3,106
1960,2023,76,PRIVATE,3,63
1952,2024,80,PRIVATE,3,72
1900,2023,70,PRIVATE,3,123
1951,2024,91,PRIVATE,3,73
1980,2023,86,TCHC,12,43
1993,2023,97,TCHC,13,30
1950,2023,92,PRIVATE,3,73
1950,2023,93,PRIVATE,3,73
1990,2024,93,PRIVATE,3,34
1960,2023,66,PRIVATE,3,63
1960,2023,83,PRIVATE,3,63
1955,2024,99,PRIVATE,3,69
1959,2023,92,PRIVATE,3,64
1958,2024,80,PRIVATE,3,66
1969,2023,86,PRIVATE,3,54
1975,2024,98,PRIVATE,3,49
1956,2023,84,PRIVATE,3,67
1957,2023,79,PRIVATE,3,66
1960,2023,79,PRIVATE,3,63
1974,2024,85,PRIVATE,15,50
1974,2024,84,TCHC,4,50
1974,2024,86,TCHC,4,50
1974,2023,74,TCHC,4,49
2021,2024,98,SOCIAL HOUSING,8,3
1964,2023,64,PRIVATE,4,59
1984,2024,83,TCHC,4,40
1957,2023,90,PRIVATE,4,66
1956,2023,95,PRIVATE,4,67
1947,2023,95,PRIVATE,4,76
1955,2024,66,PRIVATE,4,69
1949,2024,90,PRIVATE,3,75
1955,2024,92,PRIVATE,3,69
1949,2024,87,PRIVATE,3,75
1955,2023,89,PRIVATE,3,68
1949,2024,92,PRIVATE,3,75
1954,2023,72,PRIVATE,3,69
1949,2024,79,PRIVATE,3,75
1954,2023,84,PRIVATE,3,69
1949,2024,87,PRIVATE,3,75
1920,2024,95,PRIVATE,4,104
1966,2024,81,PRIVATE,12,58
1966,2023,80,PRIVATE,12,57
1957,2023,88,PRIVATE,6,66
1951,2023,98,PRIVATE,5,72
1972,2024,98,TCHC,16,52
1965,2024,96,PRIVATE,6,59
1960,2023,91,PRIVATE,6,63
1963,2023,95,PRIVATE,10,60
1963,2023,95,PRIVATE,10,60
1963,2024,91,PRIVATE,10,61
1964,2023,98,PRIVATE,13,59
1995,2024,94,SOCIAL HOUSING,4,29
1962,2023,87,PRIVATE,7,61
1967,2024,88,PRIVATE,13,57
1968,2024,95,PRIVATE,13,56
1968,2023,95,PRIVATE,14,55
1986,2023,96,PRIVATE,18,37
1967,2023,83,PRIVATE,4,56
1956,2024,91,PRIVATE,3,68
1963,2023,90,PRIVATE,4,60
1963,2024,93,PRIVATE,4,61
1993,2023,98,SOCIAL HOUSING,3,30
1993,2024,97,SOCIAL HOUSING,3,31
1969,2024,90,PRIVATE,5,55
1962,2024,82,PRIVATE,7,62
1970,2023,83,PRIVATE,3,53
1968,2023,87,PRIVATE,3,55
1970,2023,95,PRIVATE,5,53
1965,2024,86,PRIVATE,3,59
1950,2023,76,PRIVATE,5,73
1962,2023,95,PRIVATE,6,61
1960,2023,88,PRIVATE,5,63
1970,2023,88,PRIVATE,19,53
1969,2024,81,PRIVATE,5,55
1962,2023,91,PRIVATE,6,61
1969,2024,78,PRIVATE,16,55
1970,2023,96,PRIVATE,15,53
1962,2023,85,PRIVATE,9,61
1962,2023,78,PRIVATE,3,61
1970,2024,89,PRIVATE,3,54
1954,2024,64,PRIVATE,3,70
1970,2024,97,PRIVATE,3,54
1970,2023,89,PRIVATE,3,53
1970,2023,88,PRIVATE,3,53
2016,2023,98,SOCIAL HOUSING,4,7
1988,2024,96,TCHC,11,36
1910,2024,76,PRIVATE,3,114
1954,2024,98,PRIVATE,4,70
1954,2023,98,PRIVATE,4,69
1950,2024,61,PRIVATE,3,74
1953,2024,91,PRIVATE,4,71
1958,2024,94,PRIVATE,4,66
1963,2023,86,PRIVATE,7,60
1970,2023,72,PRIVATE,4,53
1970,2024,78,PRIVATE,4,54
1970,2024,72,PRIVATE,3,54
1970,2024,78,PRIVATE,3,54
1970,2023,74,PRIVATE,3,53
1970,2024,78,PRIVATE,3,54
1959,2024,78,SOCIAL HOUSING,4,65
1954,2024,86,PRIVATE,4,70
1950,2024,82,PRIVATE,4,74
1960,2024,94,PRIVATE,4,64
1934,2023,30,PRIVATE,3,89
1954,2023,26,TCHC,3,69
1920,2024,88,PRIVATE,3,104
1958,2024,95,PRIVATE,4,66
1958,2024,88,PRIVATE,9,66
1950,2023,87,PRIVATE,7,73
1992,2023,70,TCHC,5,31
1954,2024,83,TCHC,3,70
1985,2024,76,SOCIAL HOUSING,7,39
1950,2024,89,PRIVATE,4,74
1940,2023,82,PRIVATE,4,83
1958,2023,73,PRIVATE,4,65
2019,2023,98,PRIVATE,18,4
2021,2023,100,PRIVATE,29,2
1969,2024,83,PRIVATE,13,55
1974,2023,80,PRIVATE,13,49
1935,2023,83,PRIVATE,3,88
1964,2023,91,PRIVATE,4,59
1961,2023,95,PRIVATE,5,62
1910,2023,82,PRIVATE,3,113
1930,2024,67,PRIVATE,4,94
1968,2023,91,PRIVATE,9,55
1968,2023,81,PRIVATE,11,55
2003,2024,98,TCHC,7,21
1960,2024,89,PRIVATE,6,64
1940,2023,88,SOCIAL HOUSING,3,83
1979,2024,90,SOCIAL HOUSING,3,45
1960,2024,70,PRIVATE,6,64
1960,2024,66,PRIVATE,3,64
1950,2023,95,PRIVATE,3,73
1951,2023,83,PRIVATE,3,72
1965,2024,78,PRIVATE,3,59
1951,2023,96,PRIVATE,3,72
1954,2023,83,PRIVATE,3,69
1951,2024,85,PRIVATE,3,73
1950,2024,86,PRIVATE,4,74
1958,2024,93,PRIVATE,3,66
1953,2024,70,PRIVATE,3,71
1980,2023,84,PRIVATE,3,43
1952,2024,86,PRIVATE,3,72
1960,2024,82,PRIVATE,4,64
1927,2024,83,PRIVATE,4,97
1975,2023,87,PRIVATE,3,48
1955,2023,91,PRIVATE,4,68
1955,2023,96,PRIVATE,4,68
1940,2024,81,PRIVATE,3,84
1968,2023,92,PRIVATE,20,55
1969,2024,83,PRIVATE,16,55
1957,2023,92,PRIVATE,4,66
1959,2024,99,PRIVATE,4,65
1937,2024,90,PRIVATE,5,87
1954,2023,93,PRIVATE,5,69
1958,2024,97,PRIVATE,3,66
1958,2024,81,PRIVATE,3,66
1985,2024,81,TCHC,3,39
2015,2024,96,TCHC,9,9
2013,2024,92,TCHC,10,11
2009,2024,91,TCHC,8,15
2009,2023,91,TCHC,22,14
1948,2024,68,TCHC,3,76
1956,2023,95,PRIVATE,3,67
1955,2024,73,PRIVATE,4,69
1950,2023,90,PRIVATE,3,73
2023,2024,99,PRIVATE,21,1
1977,2024,92,PRIVATE,34,47
1965,2024,88,PRIVATE,5,59
1966,2024,88,PRIVATE,3,58
1961,2024,79,PRIVATE,7,63
1992,2023,95,SOCIAL HOUSING,8,31
1960,2023,77,PRIVATE,3,63
1956,2023,89,PRIVATE,3,67
1950,2023,70,PRIVATE,3,73
1950,2023,85,PRIVATE,3,73
1957,2024,74,PRIVATE,4,67
1974,2023,94,TCHC,19,49
1974,2024,86,TCHC,19,50
1964,2024,95,PRIVATE,10,60
1966,2024,85,PRIVATE,22,58
1964,2024,96,PRIVATE,6,60
1964,2023,90,PRIVATE,6,59
1963,2023,81,PRIVATE,6,60
1960,2023,97,PRIVATE,6,63
1963,2024,87,PRIVATE,6,61
1963,2023,87,PRIVATE,6,60
1969,2024,87,PRIVATE,7,55
1968,2024,95,PRIVATE,15,56
1970,2024,84,PRIVATE,15,54
1968,2023,94,PRIVATE,15,55
1970,2024,85,PRIVATE,16,54
1971,2023,86,TCHC,15,52
2015,2024,99,PRIVATE,30,9
2014,2024,97,PRIVATE,30,10
1965,2024,91,PRIVATE,3,59
1993,2024,97,TCHC,14,31
1970,2024,94,PRIVATE,3,54
1957,2024,84,PRIVATE,8,67
1994,2024,88,SOCIAL HOUSING,6,30
1971,2024,86,PRIVATE,7,53
1935,2024,82,PRIVATE,4,89
1962,2023,79,TCHC,7,61
1925,2024,78,PRIVATE,3,99
1925,2023,81,PRIVATE,3,98
1970,2024,95,PRIVATE,16,54
1971,2023,90,PRIVATE,5,52
1956,2024,94,PRIVATE,5,68
1920,2024,92,PRIVATE,4,104
1956,2024,96,PRIVATE,5,68
1959,2023,88,PRIVATE,4,64
1955,2024,91,PRIVATE,4,69
1940,2024,86,PRIVATE,3,84
1940,2024,85,PRIVATE,3,84
1940,2024,74,PRIVATE,4,84
1940,2023,75,PRIVATE,3,83
1940,2024,88,PRIVATE,3,84
1940,2023,78,PRIVATE,3,83
1950,2023,81,PRIVATE,3,73
1950,2023,88,PRIVATE,3,73
1960,2023,92,PRIVATE,3,63
1967,2024,89,PRIVATE,17,57
1967,2023,92,PRIVATE,17,56
1968,2023,96,PRIVATE,10,55
1960,2024,57,PRIVATE,4,64
1968,2023,93,PRIVATE,5,55
1959,2023,86,PRIVATE,3,64
1951,2023,70,PRIVATE,3,72
1951,2023,67,PRIVATE,3,72
1951,2023,79,PRIVATE,3,72
1951,2023,82,PRIVATE,3,72
1951,2023,84,PRIVATE,3,72
1953,2023,89,PRIVATE,3,70
1953,2023,86,PRIVATE,3,70
1953,2024,84,PRIVATE,3,71
1970,2024,83,PRIVATE,4,54
1970,2024,91,PRIVATE,4,54
1918,2024,97,TCHC,3,106
2010,2024,95,TCHC,10,14
2012,2023,80,SOCIAL HOUSING,4,11
1969,2024,54,PRIVATE,17,55
1972,2023,87,TCHC,27,51
1972,2024,81,PRIVATE,23,52
1945,2023,92,PRIVATE,3,78
1945,2024,97,PRIVATE,3,79
1945,2024,98,PRIVATE,3,79
1945,2023,91,PRIVATE,3,78
1945,2024,98,PRIVATE,3,79
1945,2024,99,PRIVATE,3,79
1965,2023,89,PRIVATE,17,58
1965,2024,87,PRIVATE,15,59
1965,2023,83,PRIVATE,16,58
1986,2023,91,PRIVATE,12,37
1990,2024,94,TCHC,5,34
1979,2023,90,PRIVATE,20,44
1979,2023,89,PRIVATE,20,44
1953,2023,91,PRIVATE,4,70
1954,2024,87,PRIVATE,3,70
1952,2024,94,PRIVATE,3,72
1960,2023,96,PRIVATE,3,63
1960,2024,98,PRIVATE,3,64
1960,2023,87,PRIVATE,3,63
1982,2023,91,TCHC,9,41
1960,2024,97,PRIVATE,12,64
1969,2023,98,PRIVATE,14,54
1970,2024,95,PRIVATE,12,54
1994,2024,89,TCHC,11,30
1970,2024,87,TCHC,3,54
1971,2023,84,TCHC,4,52
1995,2023,83,SOCIAL HOUSING,3,28
1961,2023,81,TCHC,6,62
1955,2023,85,PRIVATE,4,68
1971,2023,88,PRIVATE,22,52
1959,2023,96,PRIVATE,5,64
1959,2024,96,PRIVATE,4,65
1959,2024,93,PRIVATE,4,65
1959,2023,98,PRIVATE,5,64
2018,2023,100,PRIVATE,51,5
1967,2024,94,PRIVATE,4,57
1970,2024,88,PRIVATE,10,54
1970,2023,83,PRIVATE,4,53
1950,2023,98,PRIVATE,3,73
1954,2023,75,PRIVATE,3,69
1970,2023,80,PRIVATE,3,53
1970,2023,95,PRIVATE,10,53
1962,2023,89,PRIVATE,6,61
1977,2023,96,TCHC,13,46
2020,2024,98,PRIVATE,36,4
1993,2023,89,SOCIAL HOUSING,4,30
1950,2023,83,PRIVATE,3,73
1960,2024,78,PRIVATE,3,64
1955,2024,84,PRIVATE,4,69
1970,2023,88,PRIVATE,3,53
1953,2023,69,PRIVATE,3,70
1956,2023,72,PRIVATE,3,67
1969,2024,99,PRIVATE,17,55
1966,2024,99,PRIVATE,28,58
1968,2023,97,PRIVATE,9,55
1900,2023,97,SOCIAL HOUSING,12,123
1966,2023,99,PRIVATE,6,57
1960,2023,87,PRIVATE,6,63
1960,2023,86,PRIVATE,6,63
1961,2023,97,PRIVATE,7,62
1961,2024,93,PRIVATE,7,63
1963,2024,91,PRIVATE,6,61
1961,2023,81,PRIVATE,6,62
1967,2024,91,PRIVATE,6,57
1960,2024,92,PRIVATE,7,64
1965,2024,80,PRIVATE,6,59
1992,2023,97,SOCIAL HOUSING,9,31
1967,2023,92,PRIVATE,13,56
1985,2023,86,SOCIAL HOUSING,3,38
1985,2023,93,SOCIAL HOUSING,3,38
1965,2024,92,PRIVATE,11,59
1956,2024,83,PRIVATE,4,68
1953,2024,80,PRIVATE,4,71
1956,2023,87,PRIVATE,4,67
1962,2023,89,PRIVATE,4,61
1959,2023,84,PRIVATE,4,64
1954,2023,98,PRIVATE,4,69
1967,2023,87,PRIVATE,3,56
1992,2024,96,SOCIAL HOUSING,8,32
1968,2024,81,PRIVATE,5,56
1965,2023,81,PRIVATE,13,58
1968,2023,77,PRIVATE,7,55
1978,2024,89,PRIVATE,23,46
1978,2023,89,PRIVATE,23,45
1976,2024,94,PRIVATE,23,48
1976,2023,91,PRIVATE,19,47
1978,2024,88,PRIVATE,18,46
1973,2024,83,PRIVATE,16,51
1971,2024,79,PRIVATE,12,53
1982,2023,94,SOCIAL HOUSING,15,41
1979,2023,97,PRIVATE,12,44
1921,2023,79,PRIVATE,3,102
1963,2023,88,PRIVATE,7,60
1964,2024,93,PRIVATE,7,60
1968,2024,82,PRIVATE,19,56
1929,2024,54,PRIVATE,4,95
1960,2024,91,PRIVATE,4,64
1959,2023,90,PRIVATE,8,64
1960,2024,70,PRIVATE,5,64
1958,2023,85,PRIVATE,5,65
1965,2024,86,PRIVATE,7,59
1950,2024,89,PRIVATE,3,74
1967,2024,82,PRIVATE,6,57
1957,2024,71,TCHC,4,67
1957,2024,76,TCHC,4,67
1966,2023,98,PRIVATE,24,57
1955,2023,85,PRIVATE,4,68
2005,2023,93,SOCIAL HOUSING,8,18
1880,2024,75,PRIVATE,3,144
1965,2024,81,PRIVATE,19,59
1967,2024,76,PRIVATE,14,57
1967,2024,77,PRIVATE,14,57
1976,2024,97,PRIVATE,17,48
2021,2023,99,PRIVATE,24,2
2021,2023,98,PRIVATE,31,2
1918,2024,67,PRIVATE,4,106
1918,2023,74,PRIVATE,3,105
1959,2024,89,PRIVATE,3,65
1955,2023,78,PRIVATE,4,68
1956,2023,82,PRIVATE,3,67
1955,2023,93,PRIVATE,8,68
1955,2023,96,PRIVATE,4,68
1966,2024,86,PRIVATE,4,58
1970,2023,90,PRIVATE,22,53
2005,2023,98,SOCIAL HOUSING,4,18
1965,2024,98,PRIVATE,11,59
1960,2023,87,PRIVATE,7,63
1962,2023,89,PRIVATE,7,61
1963,2024,98,PRIVATE,11,61
1960,2024,96,PRIVATE,4,64
1968,2023,94,PRIVATE,18,55
1967,2023,90,PRIVATE,17,56
1989,2024,76,SOCIAL HOUSING,9,35
1966,2024,87,SOCIAL HOUSING,3,58
1965,2024,85,PRIVATE,15,59
1950,2024,82,PRIVATE,4,74
1982,2024,98,SOCIAL HOUSING,7,42
1960,2023,93,PRIVATE,6,63
1970,2023,87,PRIVATE,19,53
1958,2023,94,PRIVATE,4,65
1969,2023,92,PRIVATE,15,54
2010,2023,96,PRIVATE,7,13
2010,2024,97,PRIVATE,7,14
1970,2024,73,PRIVATE,17,54
1968,2023,86,PRIVATE,4,55
1969,2023,70,PRIVATE,4,54
1975,2023,94,TCHC,13,48
1969,2024,76,PRIVATE,10,55
1960,2024,89,PRIVATE,14,64
1965,2024,80,PRIVATE,12,59
1960,2024,88,PRIVATE,3,64
1980,2024,90,SOCIAL HOUSING,4,44
1980,2023,96,SOCIAL HOUSING,8,43
1962,2024,87,TCHC,6,62
1970,2023,87,PRIVATE,9,53
1970,2023,87,PRIVATE,11,53
1913,2024,95,PRIVATE,3,111
1989,2023,94,TCHC,3,34
2008,2024,93,PRIVATE,9,16
1968,2023,92,PRIVATE,19,55
1956,2024,83,PRIVATE,3,68
1956,2023,86,PRIVATE,3,67
2010,2024,99,PRIVATE,22,14
1958,2024,85,PRIVATE,3,66
1956,2023,82,PRIVATE,3,67
1959,2024,90,PRIVATE,3,65
1958,2023,93,PRIVATE,3,65
1960,2023,79,PRIVATE,3,63
1960,2024,81,PRIVATE,3,64
1958,2023,99,PRIVATE,4,65
1905,2023,91,PRIVATE,3,118
1974,2023,81,PRIVATE,14,49
1967,2023,89,PRIVATE,14,56
1946,2024,60,PRIVATE,3,78
1959,2024,98,PRIVATE,3,65
1959,2024,95,PRIVATE,3,65
1959,2023,95,PRIVATE,3,64
1975,2024,93,PRIVATE,17,49
1963,2023,79,PRIVATE,7,60
1950,2024,98,PRIVATE,4,74
1959,2023,93,PRIVATE,4,64
1957,2023,99,PRIVATE,4,66
1957,2024,99,PRIVATE,4,67
1959,2023,99,PRIVATE,4,64
1954,2023,78,PRIVATE,4,69
1961,2024,85,PRIVATE,4,63
1960,2024,93,PRIVATE,10,64
1960,2023,92,PRIVATE,10,63
1967,2024,95,PRIVATE,8,57
1958,2024,77,PRIVATE,4,66
1960,2023,76,PRIVATE,4,63
1959,2024,77,PRIVATE,4,65
1970,2023,81,PRIVATE,4,53
1951,2024,80,PRIVATE,3,73
1961,2023,96,PRIVATE,9,62
1958,2023,91,PRIVATE,3,65
1955,2024,80,PRIVATE,3,69
1950,2023,92,PRIVATE,3,73
1950,2023,90,PRIVATE,4,73
1955,2023,70,PRIVATE,4,68
1970,2023,86,PRIVATE,4,53
1952,2023,92,PRIVATE,3,71
1910,2024,93,PRIVATE,3,114
1952,2024,96,PRIVATE,3,72
1952,2024,94,PRIVATE,4,72
1955,2023,94,PRIVATE,4,68
1992,2023,46,SOCIAL HOUSING,4,31
1979,2024,88,TCHC,12,45
1960,2023,88,PRIVATE,3,63
1961,2023,86,PRIVATE,4,62
1982,2023,92,SOCIAL HOUSING,10,41
1979,2023,89,TCHC,5,44
1895,2024,69,PRIVATE,4,129
1955,2024,96,PRIVATE,3,69
1965,2023,92,PRIVATE,16,58
1986,2024,97,PRIVATE,17,38
1904,2023,85,PRIVATE,4,119
1932,2024,79,PRIVATE,3,92
1907,2023,65,PRIVATE,3,116
1911,2023,95,PRIVATE,4,112
1950,2023,92,PRIVATE,3,73
1974,2023,93,PRIVATE,17,49
1974,2024,90,PRIVATE,19,50
1976,2023,95,PRIVATE,19,47
1988,2023,99,SOCIAL HOUSING,5,35
1996,2024,88,SOCIAL HOUSING,5,28
1981,2024,97,TCHC,8,43
1930,2024,92,PRIVATE,3,94
1990,2023,54,PRIVATE,3,33
1963,2024,89,PRIVATE,7,61
1963,2024,94,PRIVATE,7,61
1974,2023,96,TCHC,10,49
1947,2023,77,PRIVATE,4,76
1966,2023,88,PRIVATE,12,57
1961,2023,94,PRIVATE,13,62
1950,2023,81,PRIVATE,4,73
1960,2024,86,PRIVATE,4,64
1960,2023,93,PRIVATE,3,63
1968,2024,91,PRIVATE,7,56
2008,2024,87,TCHC,4,16
1967,2023,93,PRIVATE,15,56
1973,2023,92,TCHC,16,50
1975,2024,99,PRIVATE,17,49
1978,2023,83,TCHC,7,45
1975,2024,80,PRIVATE,23,49
1988,2023,86,SOCIAL HOUSING,6,35
1975,2023,92,TCHC,7,48
1955,2023,97,PRIVATE,4,68
1975,2024,75,TCHC,4,49
1809,2024,86,PRIVATE,4,215
1838,2023,89,PRIVATE,3,185
1974,2024,77,PRIVATE,13,50
1931,2023,87,PRIVATE,4,92
1960,2023,100,PRIVATE,7,63
1910,2024,79,PRIVATE,3,114
1910,2024,79,PRIVATE,3,114
1920,2024,92,PRIVATE,4,104
1963,2024,81,PRIVATE,10,61
1876,2024,78,SOCIAL HOUSING,3,148
1934,2023,100,PRIVATE,4,89
1934,2024,89,PRIVATE,4,90
1950,2023,93,PRIVATE,4,73
1950,2023,94,PRIVATE,4,73
1965,2024,99,PRIVATE,3,59
1965,2024,99,PRIVATE,3,59
1957,2024,85,PRIVATE,3,67
1956,2024,89,PRIVATE,3,68
1979,2023,87,TCHC,6,44
1980,2023,79,TCHC,5,43
1978,2024,86,TCHC,4,46
1925,2024,60,PRIVATE,3,99
1926,2024,88,PRIVATE,3,98
1969,2023,92,PRIVATE,26,54
1969,2024,87,PRIVATE,20,55
2021,2024,92,PRIVATE,25,3
1969,2023,88,PRIVATE,23,54
1969,2023,92,PRIVATE,16,54
1969,2023,82,TCHC,24,54
1940,2024,97,PRIVATE,3,84
1954,2023,83,PRIVATE,4,69
1955,2023,96,PRIVATE,4,68
1962,2023,91,PRIVATE,4,61
1968,2024,82,PRIVATE,5,56
1964,2024,85,PRIVATE,4,60
1957,2023,73,PRIVATE,4,66
1954,2023,95,PRIVATE,4,69
1965,2023,88,PRIVATE,24,58
1965,2024,87,PRIVATE,24,59
2022,2023,100,PRIVATE,7,1
1952,2024,93,PRIVATE,6,72
1955,2023,84,PRIVATE,4,68
1952,2024,94,PRIVATE,3,72
1952,2024,96,PRIVATE,3,72
1952,2023,92,PRIVATE,4,71
1952,2024,87,PRIVATE,4,72
1952,2023,92,PRIVATE,4,71
1952,2023,89,PRIVATE,4,71
1952,2024,88,PRIVATE,4,72
1952,2023,87,PRIVATE,4,71
1952,2024,91,PRIVATE,4,72
1960,2023,90,PRIVATE,4,63
1953,2024,96,PRIVATE,8,71
1955,2024,87,PRIVATE,4,69
1955,2023,97,PRIVATE,4,68
1955,2024,86,PRIVATE,4,69
1960,2024,89,PRIVATE,4,64
1980,2023,89,TCHC,9,43
1960,2023,79,PRIVATE,3,63
1958,2023,84,PRIVATE,3,65
1959,2024,95,PRIVATE,5,65
1966,2024,98,PRIVATE,8,58
1983,2023,94,TCHC,5,40
1958,2023,89,PRIVATE,3,65
1958,2023,93,PRIVATE,3,65
1969,2024,80,PRIVATE,4,55
1897,2024,81,SOCIAL HOUSING,3,127
1957,2023,80,PRIVATE,6,66
1953,2023,94,PRIVATE,4,70
1955,2023,99,PRIVATE,5,68
1954,2024,88,PRIVATE,7,70
1971,2023,87,PRIVATE,10,52
1971,2024,79,PRIVATE,8,53
1971,2024,94,PRIVATE,8,53
1976,2024,95,PRIVATE,7,48
1967,2024,96,PRIVATE,12,57
1976,2023,98,PRIVATE,8,47
1959,2023,93,PRIVATE,5,64
1990,2023,96,SOCIAL HOUSING,6,33
1972,2024,89,PRIVATE,17,52
1967,2024,89,PRIVATE,17,57
2015,2023,97,PRIVATE,7,8
1967,2023,92,PRIVATE,17,56
2006,2023,90,PRIVATE,14,17
1970,2024,95,PRIVATE,18,54
2013,2023,99,PRIVATE,8,10
1962,2024,83,TCHC,7,62
1965,2024,91,PRIVATE,7,59
1962,2024,93,PRIVATE,6,62
1962,2024,97,PRIVATE,7,62
1963,2024,95,PRIVATE,6,61
1962,2023,81,PRIVATE,7,61
1962,2023,85,PRIVATE,6,61
1962,2024,92,PRIVATE,6,62
1994,2023,92,SOCIAL HOUSING,7,29
2008,2024,79,SOCIAL HOUSING,11,16
1967,2024,98,PRIVATE,14,57
1977,2023,90,PRIVATE,30,46
1978,2024,97,PRIVATE,30,46
2018,2024,98,PRIVATE,43,6
1978,2023,82,PRIVATE,30,45
1950,2023,87,PRIVATE,4,73
1966,2024,90,PRIVATE,7,58
1930,2023,91,PRIVATE,3,93
1930,2024,92,PRIVATE,3,94
1930,2023,88,PRIVATE,3,93
1930,2023,85,PRIVATE,3,93
1940,2023,80,PRIVATE,3,83
1965,2023,91,PRIVATE,3,58
1969,2023,94,TCHC,11,54
1983,2024,92,SOCIAL HOUSING,10,41
1964,2023,93,TCHC,16,59
1964,2023,79,TCHC,15,59
1964,2024,84,TCHC,16,60
2008,2024,92,PRIVATE,12,16
1978,2023,84,PRIVATE,9,45
1991,2024,93,TCHC,12,33
1957,2024,68,PRIVATE,3,67
1952,2023,85,PRIVATE,3,71
1958,2024,86,PRIVATE,4,66
1958,2024,86,PRIVATE,4,66
1960,2024,85,PRIVATE,4,64
2019,2023,92,PRIVATE,27,4
2021,2024,100,PRIVATE,26,3
1954,2024,97,PRIVATE,4,70
1953,2024,94,PRIVATE,4,71
1968,2023,97,PRIVATE,23,55
1975,2024,94,PRIVATE,14,49
1963,2023,95,PRIVATE,14,60
1967,2023,87,PRIVATE,15,56
1969,2024,86,TCHC,4,55
1993,2023,90,SOCIAL HOUSING,16,30
1940,2024,78,PRIVATE,4,84
1959,2023,79,PRIVATE,7,64
1956,2024,69,PRIVATE,3,68
1956,2024,83,PRIVATE,3,68
1957,2024,87,PRIVATE,3,67
1952,2024,76,PRIVATE,3,72
1956,2023,78,PRIVATE,3,67
1957,2023,75,PRIVATE,3,66
1956,2023,75,PRIVATE,3,67
1957,2024,82,PRIVATE,3,67
1969,2023,85,PRIVATE,24,54
1964,2023,94,PRIVATE,15,59
1920,2024,91,PRIVATE,3,104
1920,2023,77,PRIVATE,3,103
1930,2024,83,PRIVATE,3,94
1928,2024,94,TCHC,3,96
1928,2023,82,PRIVATE,3,95
1969,2024,83,TCHC,14,55
1968,2024,89,TCHC,14,56
1989,2023,91,SOCIAL HOUSING,4,34
1979,2024,83,PRIVATE,3,45
1932,2024,26,PRIVATE,5,92
1985,2023,75,PRIVATE,3,38
1992,2023,94,PRIVATE,4,31
2003,2023,98,SOCIAL HOUSING,3,20
1973,2024,76,PRIVATE,21,51
1993,2024,71,TCHC,3,31
1957,2024,92,PRIVATE,17,67
1957,2024,92,PRIVATE,17,67
1957,2024,93,PRIVATE,17,67
1957,2023,92,PRIVATE,18,66
1957,2024,95,PRIVATE,17,67
1953,2024,88,PRIVATE,5,71
1965,2023,83,PRIVATE,10,58
1993,2024,89,SOCIAL HOUSING,5,31
1954,2024,87,PRIVATE,4,70
1960,2023,73,PRIVATE,3,63
1960,2023,87,PRIVATE,3,63
1960,2024,91,PRIVATE,3,64
1958,2024,98,PRIVATE,6,66
1962,2023,89,PRIVATE,7,61
1954,2024,91,PRIVATE,4,70
1958,2024,91,PRIVATE,4,66
1961,2023,77,PRIVATE,14,62
1960,2023,89,PRIVATE,6,63
1964,2023,43,PRIVATE,7,59
1961,2023,89,PRIVATE,5,62
1962,2023,93,PRIVATE,5,61
1989,2024,79,SOCIAL HOUSING,3,35
1888,2023,90,PRIVATE,3,135
1969,2023,99,PRIVATE,22,54
1964,2024,82,PRIVATE,15,60
1966,2023,84,TCHC,7,57
2012,2023,97,PRIVATE,10,11
1953,2024,97,PRIVATE,4,71
1964,2024,93,PRIVATE,3,60
1965,2024,88,PRIVATE,7,59
1972,2023,81,SOCIAL HOUSING,7,51
1968,2023,79,TCHC,17,55
1960,2024,78,PRIVATE,3,64
1960,2024,91,PRIVATE,3,64
1951,2023,77,PRIVATE,3,72
1990,2024,76,SOCIAL HOUSING,3,34
1896,2024,82,PRIVATE,4,128
1930,2023,88,PRIVATE,3,93
1920,2023,89,PRIVATE,4,103
1885,2023,89,PRIVATE,3,138
1973,2023,88,PRIVATE,11,50
1889,2024,82,PRIVATE,4,135
1964,2023,83,TCHC,3,59
1930,2023,77,PRIVATE,3,93
1958,2023,84,PRIVATE,3,65
1972,2023,98,PRIVATE,21,51
1972,2024,91,PRIVATE,18,52
1972,2023,98,PRIVATE,17,51
1955,2023,92,PRIVATE,4,68
1984,2023,98,SOCIAL HOUSING,13,39
2022,2024,100,PRIVATE,36,2
2021,2024,99,PRIVATE,16,3
1971,2024,94,PRIVATE,24,53
1959,2023,85,PRIVATE,7,64
1972,2024,97,SOCIAL HOUSING,6,52
1905,2023,77,PRIVATE,4,118
2007,2023,92,PRIVATE,8,16
1965,2023,87,PRIVATE,11,58
1963,2024,92,PRIVATE,11,61
2009,2024,89,PRIVATE,5,15
1969,2023,83,PRIVATE,23,54
1967,2024,95,PRIVATE,22,57
1931,2023,80,PRIVATE,4,92
1935,2023,85,PRIVATE,4,88
1962,2023,82,PRIVATE,4,61
1959,2024,83,PRIVATE,6,65
1965,2024,93,PRIVATE,6,59
1960,2023,88,PRIVATE,7,63
2017,2024,92,PRIVATE,8,7
1962,2023,86,PRIVATE,5,61
1939,2023,90,PRIVATE,3,84
1939,2024,82,PRIVATE,3,85
1960,2024,88,PRIVATE,9,64
1952,2024,96,PRIVATE,6,72
1974,2024,91,TCHC,7,50
1962,2023,82,PRIVATE,5,61
1965,2023,83,PRIVATE,12,58
1984,2023,90,TCHC,13,39
1986,2023,90,SOCIAL HOUSING,11,37
1984,2024,87,SOCIAL HOUSING,19,40
1960,2023,96,PRIVATE,20,63
1915,2024,93,PRIVATE,3,109
1973,2023,99,PRIVATE,29,50
1805,2024,87,PRIVATE,5,219
1903,2024,92,PRIVATE,4,121
1898,2023,68,PRIVATE,4,125
1965,2024,100,PRIVATE,13,59
1960,2023,66,PRIVATE,5,63
1970,2023,81,PRIVATE,8,53
1971,2024,90,PRIVATE,6,53
1955,2024,74,PRIVATE,6,69
1975,2023,91,PRIVATE,27,48
1955,2024,91,PRIVATE,4,69
1960,2023,94,PRIVATE,10,63
1965,2023,96,PRIVATE,12,58
1963,2023,90,PRIVATE,14,60
2016,2024,95,PRIVATE,27,8
1928,2023,75,PRIVATE,3,95
1968,2024,77,PRIVATE,14,56
1959,2024,80,PRIVATE,13,65
1917,2023,79,PRIVATE,4,106
1960,2023,87,PRIVATE,11,63
1959,2024,90,PRIVATE,11,65
1960,2024,88,PRIVATE,9,64
1960,2023,95,PRIVATE,7,63
1978,2024,97,SOCIAL HOUSING,8,46
1994,2024,84,SOCIAL HOUSING,11,30
1993,2023,91,SOCIAL HOUSING,11,30
1968,2023,76,PRIVATE,12,55
1962,2024,72,PRIVATE,7,62
1968,2023,93,PRIVATE,6,55
1960,2024,92,PRIVATE,5,64
1957,2023,88,PRIVATE,7,66
1957,2023,86,PRIVATE,7,66
1960,2024,91,TCHC,6,64
1989,2024,95,SOCIAL HOUSING,11,35
1964,2023,79,PRIVATE,7,59
1960,2023,96,PRIVATE,13,63
1960,2024,79,PRIVATE,6,64
1992,2024,87,SOCIAL HOUSING,6,32
1972,2023,92,PRIVATE,11,51
1964,2024,89,PRIVATE,7,60
1970,2023,90,PRIVATE,7,53
1969,2023,74,TCHC,13,54
1975,2023,81,PRIVATE,10,48
1970,2023,79,TCHC,3,53
1970,2024,79,TCHC,3,54
1970,2023,73,TCHC,3,53
1970,2023,83,TCHC,3,53
1970,2024,90,TCHC,19,54
1970,2024,87,PRIVATE,10,54
1967,2023,91,PRIVATE,12,56
1967,2024,92,PRIVATE,14,57
1930,2023,89,PRIVATE,3,93
